date,barangay,brgy,confirmed_cases,deaths,recovered
26-Mar-20,1,Acacia,0,0,0
27-Mar-20,1,Acacia,0,0,0
28-Mar-20,1,Acacia,0,0,0
29-Mar-20,1,Acacia,0,0,0
30-Mar-20,1,Acacia,0,0,0
31-Mar-20,1,Acacia,1,0,0
1-Apr-20,1,Acacia,1,0,0
2-Apr-20,1,Acacia,1,0,0
3-Apr-20,1,Acacia,1,0,0
4-Apr-20,1,Acacia,1,0,0
5-Apr-20,1,Acacia,1,0,0
6-Apr-20,1,Acacia,1,0,0
7-Apr-20,1,Acacia,1,0,0
8-Apr-20,1,Acacia,1,0,0
9-Apr-20,1,Acacia,1,0,0
10-Apr-20,1,Acacia,1,0,0
11-Apr-20,1,Acacia,1,0,0
12-Apr-20,1,Acacia,1,0,0
13-Apr-20,1,Acacia,1,0,0
14-Apr-20,1,Acacia,1,0,0
15-Apr-20,1,Acacia,1,0,0
16-Apr-20,1,Acacia,1,0,0
17-Apr-20,1,Acacia,1,0,0
18-Apr-20,1,Acacia,1,0,0
19-Apr-20,1,Acacia,1,0,0
20-Apr-20,1,Acacia,1,0,0
21-Apr-20,1,Acacia,1,0,0
22-Apr-20,1,Acacia,1,0,0
23-Apr-20,1,Acacia,1,0,0
24-Apr-20,1,Acacia,1,0,0
25-Apr-20,1,Acacia,1,0,0
26-Apr-20,1,Acacia,1,0,0
27-Apr-20,1,Acacia,1,0,0
28-Apr-20,1,Acacia,1,0,0
29-Apr-20,1,Acacia,1,0,1
30-Apr-20,1,Acacia,1,0,1
1-May-20,1,Acacia,1,0,1
2-May-20,1,Acacia,1,0,1
3-May-20,1,Acacia,1,0,1
4-May-20,1,Acacia,1,0,1
5-May-20,1,Acacia,1,0,1
6-May-20,1,Acacia,1,0,1
7-May-20,1,Acacia,1,0,1
8-May-20,1,Acacia,1,0,1
9-May-20,1,Acacia,1,0,1
10-May-20,1,Acacia,1,0,1
11-May-20,1,Acacia,1,0,1
12-May-20,1,Acacia,1,0,1
13-May-20,1,Acacia,1,0,1
14-May-20,1,Acacia,1,0,1
15-May-20,1,Acacia,1,0,1
16-May-20,1,Acacia,1,0,1
17-May-20,1,Acacia,1,0,1
18-May-20,1,Acacia,1,0,1
19-May-20,1,Acacia,1,0,1
20-May-20,1,Acacia,2,0,1
21-May-20,1,Acacia,2,0,1
22-May-20,1,Acacia,2,0,1
23-May-20,1,Acacia,2,0,1
24-May-20,1,Acacia,2,0,1
25-May-20,1,Acacia,2,0,1
26-May-20,1,Acacia,2,0,1
27-May-20,1,Acacia,2,0,2
28-May-20,1,Acacia,2,0,2
29-May-20,1,Acacia,2,0,2
30-May-20,1,Acacia,2,0,2
31-May-20,1,Acacia,2,0,2
1-Jun-20,1,Acacia,2,0,2
2-Jun-20,1,Acacia,2,0,2
3-Jun-20,1,Acacia,2,0,2
4-Jun-20,1,Acacia,2,0,2
5-Jun-20,1,Acacia,2,0,2
6-Jun-20,1,Acacia,2,0,2
7-Jun-20,1,Acacia,2,0,2
8-Jun-20,1,Acacia,2,0,2
9-Jun-20,1,Acacia,2,0,2
10-Jun-20,1,Acacia,2,0,2
11-Jun-20,1,Acacia,2,0,2
12-Jun-20,1,Acacia,2,0,2
13-Jun-20,1,Acacia,2,0,2
14-Jun-20,1,Acacia,2,0,2
15-Jun-20,1,Acacia,2,0,2
16-Jun-20,1,Acacia,2,0,2
17-Jun-20,1,Acacia,2,0,2
18-Jun-20,1,Acacia,2,0,2
19-Jun-20,1,Acacia,3,0,2
20-Jun-20,1,Acacia,3,0,2
21-Jun-20,1,Acacia,3,0,2
22-Jun-20,1,Acacia,3,0,2
23-Jun-20,1,Acacia,4,0,2
24-Jun-20,1,Acacia,4,0,2
25-Jun-20,1,Acacia,4,0,2
26-Jun-20,1,Acacia,4,0,2
27-Jun-20,1,Acacia,4,0,2
28-Jun-20,1,Acacia,5,0,2
29-Jun-20,1,Acacia,5,0,2
26-Mar-20,2,Baritan,0,0,0
27-Mar-20,2,Baritan,0,0,0
28-Mar-20,2,Baritan,0,0,0
29-Mar-20,2,Baritan,0,0,0
30-Mar-20,2,Baritan,0,0,0
31-Mar-20,2,Baritan,0,0,0
1-Apr-20,2,Baritan,0,0,0
2-Apr-20,2,Baritan,0,0,0
3-Apr-20,2,Baritan,0,0,0
4-Apr-20,2,Baritan,1,0,0
5-Apr-20,2,Baritan,1,0,0
6-Apr-20,2,Baritan,1,0,0
7-Apr-20,2,Baritan,1,0,0
8-Apr-20,2,Baritan,1,0,0
9-Apr-20,2,Baritan,1,0,0
10-Apr-20,2,Baritan,1,0,0
11-Apr-20,2,Baritan,1,0,0
12-Apr-20,2,Baritan,1,0,0
13-Apr-20,2,Baritan,1,0,0
14-Apr-20,2,Baritan,1,0,0
15-Apr-20,2,Baritan,1,0,0
16-Apr-20,2,Baritan,1,0,0
17-Apr-20,2,Baritan,1,0,0
18-Apr-20,2,Baritan,1,0,0
19-Apr-20,2,Baritan,1,0,0
20-Apr-20,2,Baritan,1,0,0
21-Apr-20,2,Baritan,1,0,0
22-Apr-20,2,Baritan,1,0,0
23-Apr-20,2,Baritan,1,0,0
24-Apr-20,2,Baritan,1,0,0
25-Apr-20,2,Baritan,1,0,0
26-Apr-20,2,Baritan,1,0,0
27-Apr-20,2,Baritan,1,0,0
28-Apr-20,2,Baritan,1,0,0
29-Apr-20,2,Baritan,1,0,1
30-Apr-20,2,Baritan,2,0,1
1-May-20,2,Baritan,2,0,1
2-May-20,2,Baritan,2,0,1
3-May-20,2,Baritan,2,0,1
4-May-20,2,Baritan,2,0,1
5-May-20,2,Baritan,2,0,1
6-May-20,2,Baritan,2,0,1
7-May-20,2,Baritan,2,0,1
8-May-20,2,Baritan,2,0,1
9-May-20,2,Baritan,2,0,1
10-May-20,2,Baritan,2,0,1
11-May-20,2,Baritan,2,0,1
12-May-20,2,Baritan,2,0,1
13-May-20,2,Baritan,2,0,1
14-May-20,2,Baritan,2,0,1
15-May-20,2,Baritan,2,0,1
16-May-20,2,Baritan,2,0,1
17-May-20,2,Baritan,2,0,2
18-May-20,2,Baritan,3,0,2
19-May-20,2,Baritan,3,0,2
20-May-20,2,Baritan,3,0,2
21-May-20,2,Baritan,3,0,2
22-May-20,2,Baritan,3,0,2
23-May-20,2,Baritan,3,0,2
24-May-20,2,Baritan,3,0,2
25-May-20,2,Baritan,3,0,2
26-May-20,2,Baritan,3,0,2
27-May-20,2,Baritan,3,0,2
28-May-20,2,Baritan,3,0,2
29-May-20,2,Baritan,3,0,2
30-May-20,2,Baritan,3,0,2
31-May-20,2,Baritan,3,0,2
1-Jun-20,2,Baritan,3,0,2
2-Jun-20,2,Baritan,3,0,2
3-Jun-20,2,Baritan,4,0,2
4-Jun-20,2,Baritan,4,0,2
5-Jun-20,2,Baritan,4,0,2
6-Jun-20,2,Baritan,4,0,2
7-Jun-20,2,Baritan,4,0,2
8-Jun-20,2,Baritan,4,0,2
9-Jun-20,2,Baritan,4,0,2
10-Jun-20,2,Baritan,4,0,2
11-Jun-20,2,Baritan,4,0,2
12-Jun-20,2,Baritan,4,0,2
13-Jun-20,2,Baritan,5,0,2
14-Jun-20,2,Baritan,5,0,2
15-Jun-20,2,Baritan,5,0,2
16-Jun-20,2,Baritan,5,0,2
17-Jun-20,2,Baritan,6,0,2
18-Jun-20,2,Baritan,8,0,2
19-Jun-20,2,Baritan,8,0,2
20-Jun-20,2,Baritan,8,0,2
21-Jun-20,2,Baritan,8,0,2
22-Jun-20,2,Baritan,8,0,2
23-Jun-20,2,Baritan,9,0,2
24-Jun-20,2,Baritan,9,0,2
25-Jun-20,2,Baritan,9,0,2
26-Jun-20,2,Baritan,9,0,2
27-Jun-20,2,Baritan,9,0,2
28-Jun-20,2,Baritan,10,0,4
29-Jun-20,2,Baritan,10,0,4
26-Mar-20,3,Bayan-Bayanan,0,0,0
27-Mar-20,3,Bayan-Bayanan,0,0,0
28-Mar-20,3,Bayan-Bayanan,0,0,0
29-Mar-20,3,Bayan-Bayanan,0,0,0
30-Mar-20,3,Bayan-Bayanan,0,0,0
31-Mar-20,3,Bayan-Bayanan,0,0,0
1-Apr-20,3,Bayan-Bayanan,1,0,0
2-Apr-20,3,Bayan-Bayanan,1,0,0
3-Apr-20,3,Bayan-Bayanan,1,0,0
4-Apr-20,3,Bayan-Bayanan,1,0,0
5-Apr-20,3,Bayan-Bayanan,1,0,0
6-Apr-20,3,Bayan-Bayanan,1,0,0
7-Apr-20,3,Bayan-Bayanan,1,0,0
8-Apr-20,3,Bayan-Bayanan,1,0,0
9-Apr-20,3,Bayan-Bayanan,1,0,0
10-Apr-20,3,Bayan-Bayanan,1,0,0
11-Apr-20,3,Bayan-Bayanan,1,0,0
12-Apr-20,3,Bayan-Bayanan,1,0,0
13-Apr-20,3,Bayan-Bayanan,1,0,0
14-Apr-20,3,Bayan-Bayanan,1,0,0
15-Apr-20,3,Bayan-Bayanan,1,0,0
16-Apr-20,3,Bayan-Bayanan,1,0,0
17-Apr-20,3,Bayan-Bayanan,1,0,0
18-Apr-20,3,Bayan-Bayanan,1,0,0
19-Apr-20,3,Bayan-Bayanan,1,0,0
20-Apr-20,3,Bayan-Bayanan,1,0,0
21-Apr-20,3,Bayan-Bayanan,1,0,0
22-Apr-20,3,Bayan-Bayanan,1,0,0
23-Apr-20,3,Bayan-Bayanan,1,0,0
24-Apr-20,3,Bayan-Bayanan,1,0,0
25-Apr-20,3,Bayan-Bayanan,1,0,0
26-Apr-20,3,Bayan-Bayanan,1,0,0
27-Apr-20,3,Bayan-Bayanan,2,0,0
28-Apr-20,3,Bayan-Bayanan,2,0,0
29-Apr-20,3,Bayan-Bayanan,2,2,0
30-Apr-20,3,Bayan-Bayanan,2,2,0
1-May-20,3,Bayan-Bayanan,2,2,0
2-May-20,3,Bayan-Bayanan,2,2,0
3-May-20,3,Bayan-Bayanan,2,2,0
4-May-20,3,Bayan-Bayanan,2,2,0
5-May-20,3,Bayan-Bayanan,2,2,0
6-May-20,3,Bayan-Bayanan,2,2,0
7-May-20,3,Bayan-Bayanan,2,2,0
8-May-20,3,Bayan-Bayanan,2,2,0
9-May-20,3,Bayan-Bayanan,2,2,0
10-May-20,3,Bayan-Bayanan,2,2,0
11-May-20,3,Bayan-Bayanan,2,2,0
12-May-20,3,Bayan-Bayanan,3,2,0
13-May-20,3,Bayan-Bayanan,3,2,0
14-May-20,3,Bayan-Bayanan,3,2,0
15-May-20,3,Bayan-Bayanan,3,2,0
16-May-20,3,Bayan-Bayanan,3,2,0
17-May-20,3,Bayan-Bayanan,3,2,0
18-May-20,3,Bayan-Bayanan,3,2,0
19-May-20,3,Bayan-Bayanan,3,2,0
20-May-20,3,Bayan-Bayanan,3,2,0
21-May-20,3,Bayan-Bayanan,3,2,0
22-May-20,3,Bayan-Bayanan,3,2,0
23-May-20,3,Bayan-Bayanan,3,2,0
24-May-20,3,Bayan-Bayanan,3,2,0
25-May-20,3,Bayan-Bayanan,3,2,0
26-May-20,3,Bayan-Bayanan,3,2,0
27-May-20,3,Bayan-Bayanan,3,2,0
28-May-20,3,Bayan-Bayanan,3,2,0
29-May-20,3,Bayan-Bayanan,3,2,0
30-May-20,3,Bayan-Bayanan,3,2,0
31-May-20,3,Bayan-Bayanan,3,2,0
1-Jun-20,3,Bayan-Bayanan,3,2,1
2-Jun-20,3,Bayan-Bayanan,3,2,1
3-Jun-20,3,Bayan-Bayanan,5,2,1
4-Jun-20,3,Bayan-Bayanan,6,2,1
5-Jun-20,3,Bayan-Bayanan,7,2,1
6-Jun-20,3,Bayan-Bayanan,7,2,1
7-Jun-20,3,Bayan-Bayanan,7,2,1
8-Jun-20,3,Bayan-Bayanan,7,2,1
9-Jun-20,3,Bayan-Bayanan,9,2,1
10-Jun-20,3,Bayan-Bayanan,10,2,1
11-Jun-20,3,Bayan-Bayanan,10,2,1
12-Jun-20,3,Bayan-Bayanan,10,2,1
13-Jun-20,3,Bayan-Bayanan,11,2,1
14-Jun-20,3,Bayan-Bayanan,12,3,1
15-Jun-20,3,Bayan-Bayanan,12,3,1
16-Jun-20,3,Bayan-Bayanan,12,3,2
17-Jun-20,3,Bayan-Bayanan,14,3,2
18-Jun-20,3,Bayan-Bayanan,15,3,2
19-Jun-20,3,Bayan-Bayanan,18,3,2
20-Jun-20,3,Bayan-Bayanan,18,3,2
21-Jun-20,3,Bayan-Bayanan,19,3,3
22-Jun-20,3,Bayan-Bayanan,19,3,3
23-Jun-20,3,Bayan-Bayanan,19,3,5
24-Jun-20,3,Bayan-Bayanan,19,3,5
25-Jun-20,3,Bayan-Bayanan,20,4,5
26-Jun-20,3,Bayan-Bayanan,20,4,5
27-Jun-20,3,Bayan-Bayanan,22,4,6
28-Jun-20,3,Bayan-Bayanan,23,4,6
29-Jun-20,3,Bayan-Bayanan,23,4,7
26-Mar-20,4,Catmon,0,0,0
27-Mar-20,4,Catmon,0,0,0
28-Mar-20,4,Catmon,0,0,0
29-Mar-20,4,Catmon,0,0,0
30-Mar-20,4,Catmon,0,0,0
31-Mar-20,4,Catmon,1,0,0
1-Apr-20,4,Catmon,1,0,0
2-Apr-20,4,Catmon,1,0,0
3-Apr-20,4,Catmon,1,0,0
4-Apr-20,4,Catmon,1,0,0
5-Apr-20,4,Catmon,1,0,0
6-Apr-20,4,Catmon,1,0,0
7-Apr-20,4,Catmon,3,0,0
8-Apr-20,4,Catmon,3,0,0
9-Apr-20,4,Catmon,3,0,0
10-Apr-20,4,Catmon,3,0,0
11-Apr-20,4,Catmon,3,0,0
12-Apr-20,4,Catmon,3,0,0
13-Apr-20,4,Catmon,3,0,0
14-Apr-20,4,Catmon,3,0,0
15-Apr-20,4,Catmon,3,0,0
16-Apr-20,4,Catmon,3,0,0
17-Apr-20,4,Catmon,3,0,0
18-Apr-20,4,Catmon,3,0,0
19-Apr-20,4,Catmon,3,0,0
20-Apr-20,4,Catmon,3,0,0
21-Apr-20,4,Catmon,3,0,0
22-Apr-20,4,Catmon,3,0,0
23-Apr-20,4,Catmon,3,0,0
24-Apr-20,4,Catmon,3,0,0
25-Apr-20,4,Catmon,3,0,0
26-Apr-20,4,Catmon,3,0,0
27-Apr-20,4,Catmon,3,0,0
28-Apr-20,4,Catmon,3,0,0
29-Apr-20,4,Catmon,4,1,1
30-Apr-20,4,Catmon,4,1,1
1-May-20,4,Catmon,4,1,1
2-May-20,4,Catmon,4,1,1
3-May-20,4,Catmon,4,1,1
4-May-20,4,Catmon,4,1,1
5-May-20,4,Catmon,4,1,1
6-May-20,4,Catmon,4,1,1
7-May-20,4,Catmon,4,1,1
8-May-20,4,Catmon,4,1,2
9-May-20,4,Catmon,4,1,2
10-May-20,4,Catmon,4,1,2
11-May-20,4,Catmon,4,1,2
12-May-20,4,Catmon,4,1,2
13-May-20,4,Catmon,4,1,2
14-May-20,4,Catmon,4,1,2
15-May-20,4,Catmon,4,1,2
16-May-20,4,Catmon,4,1,2
17-May-20,4,Catmon,5,2,3
18-May-20,4,Catmon,5,2,3
19-May-20,4,Catmon,5,2,3
20-May-20,4,Catmon,5,2,3
21-May-20,4,Catmon,5,2,3
22-May-20,4,Catmon,5,2,3
23-May-20,4,Catmon,5,2,3
24-May-20,4,Catmon,8,2,3
25-May-20,4,Catmon,8,2,3
26-May-20,4,Catmon,9,3,3
27-May-20,4,Catmon,9,3,3
28-May-20,4,Catmon,9,3,3
29-May-20,4,Catmon,10,3,3
30-May-20,4,Catmon,10,3,3
31-May-20,4,Catmon,10,3,3
1-Jun-20,4,Catmon,11,3,3
2-Jun-20,4,Catmon,11,3,3
3-Jun-20,4,Catmon,11,3,3
4-Jun-20,4,Catmon,12,3,3
5-Jun-20,4,Catmon,13,3,5
6-Jun-20,4,Catmon,13,3,6
7-Jun-20,4,Catmon,14,3,6
8-Jun-20,4,Catmon,15,3,6
9-Jun-20,4,Catmon,16,4,6
10-Jun-20,4,Catmon,17,4,6
11-Jun-20,4,Catmon,19,5,6
12-Jun-20,4,Catmon,19,5,6
13-Jun-20,4,Catmon,19,5,6
14-Jun-20,4,Catmon,19,5,6
15-Jun-20,4,Catmon,19,5,6
16-Jun-20,4,Catmon,19,5,7
17-Jun-20,4,Catmon,22,6,8
18-Jun-20,4,Catmon,22,6,8
19-Jun-20,4,Catmon,22,6,8
20-Jun-20,4,Catmon,24,6,10
21-Jun-20,4,Catmon,25,7,10
22-Jun-20,4,Catmon,25,7,10
23-Jun-20,4,Catmon,25,7,11
24-Jun-20,4,Catmon,25,7,11
25-Jun-20,4,Catmon,26,7,11
26-Jun-20,4,Catmon,29,7,11
27-Jun-20,4,Catmon,30,7,11
28-Jun-20,4,Catmon,32,7,11
29-Jun-20,4,Catmon,34,7,12
26-Mar-20,5,Concepcion,0,0,0
27-Mar-20,5,Concepcion,0,0,0
28-Mar-20,5,Concepcion,0,0,0
29-Mar-20,5,Concepcion,0,0,0
30-Mar-20,5,Concepcion,0,0,0
31-Mar-20,5,Concepcion,0,0,0
1-Apr-20,5,Concepcion,0,0,0
2-Apr-20,5,Concepcion,0,0,0
3-Apr-20,5,Concepcion,0,0,0
4-Apr-20,5,Concepcion,0,0,0
5-Apr-20,5,Concepcion,0,0,0
6-Apr-20,5,Concepcion,0,0,0
7-Apr-20,5,Concepcion,0,0,0
8-Apr-20,5,Concepcion,0,0,0
9-Apr-20,5,Concepcion,0,0,0
10-Apr-20,5,Concepcion,0,0,0
11-Apr-20,5,Concepcion,0,0,0
12-Apr-20,5,Concepcion,0,0,0
13-Apr-20,5,Concepcion,0,0,0
14-Apr-20,5,Concepcion,0,0,0
15-Apr-20,5,Concepcion,0,0,0
16-Apr-20,5,Concepcion,0,0,0
17-Apr-20,5,Concepcion,0,0,0
18-Apr-20,5,Concepcion,0,0,0
19-Apr-20,5,Concepcion,0,0,0
20-Apr-20,5,Concepcion,0,0,0
21-Apr-20,5,Concepcion,0,0,0
22-Apr-20,5,Concepcion,0,0,0
23-Apr-20,5,Concepcion,0,0,0
24-Apr-20,5,Concepcion,0,0,0
25-Apr-20,5,Concepcion,0,0,0
26-Apr-20,5,Concepcion,0,0,0
27-Apr-20,5,Concepcion,0,0,0
28-Apr-20,5,Concepcion,0,0,0
29-Apr-20,5,Concepcion,0,0,0
30-Apr-20,5,Concepcion,0,0,0
1-May-20,5,Concepcion,0,0,0
2-May-20,5,Concepcion,0,0,0
3-May-20,5,Concepcion,0,0,0
4-May-20,5,Concepcion,0,0,0
5-May-20,5,Concepcion,0,0,0
6-May-20,5,Concepcion,0,0,0
7-May-20,5,Concepcion,0,0,0
8-May-20,5,Concepcion,0,0,0
9-May-20,5,Concepcion,0,0,0
10-May-20,5,Concepcion,0,0,0
11-May-20,5,Concepcion,0,0,0
12-May-20,5,Concepcion,0,0,0
13-May-20,5,Concepcion,0,0,0
14-May-20,5,Concepcion,0,0,0
15-May-20,5,Concepcion,0,0,0
16-May-20,5,Concepcion,1,0,0
17-May-20,5,Concepcion,1,0,0
18-May-20,5,Concepcion,1,0,0
19-May-20,5,Concepcion,1,0,0
20-May-20,5,Concepcion,1,0,0
21-May-20,5,Concepcion,1,0,0
22-May-20,5,Concepcion,2,0,0
23-May-20,5,Concepcion,2,0,0
24-May-20,5,Concepcion,2,0,1
25-May-20,5,Concepcion,2,0,1
26-May-20,5,Concepcion,3,0,1
27-May-20,5,Concepcion,3,0,1
28-May-20,5,Concepcion,4,0,1
29-May-20,5,Concepcion,4,0,1
30-May-20,5,Concepcion,4,0,1
31-May-20,5,Concepcion,4,0,1
1-Jun-20,5,Concepcion,4,0,1
2-Jun-20,5,Concepcion,4,0,1
3-Jun-20,5,Concepcion,4,0,1
4-Jun-20,5,Concepcion,4,0,1
5-Jun-20,5,Concepcion,4,0,2
6-Jun-20,5,Concepcion,4,0,2
7-Jun-20,5,Concepcion,4,0,2
8-Jun-20,5,Concepcion,4,0,3
9-Jun-20,5,Concepcion,4,0,3
10-Jun-20,5,Concepcion,4,0,3
11-Jun-20,5,Concepcion,4,0,3
12-Jun-20,5,Concepcion,4,0,3
13-Jun-20,5,Concepcion,4,0,3
14-Jun-20,5,Concepcion,4,0,3
15-Jun-20,5,Concepcion,4,0,3
16-Jun-20,5,Concepcion,4,0,3
17-Jun-20,5,Concepcion,4,0,3
18-Jun-20,5,Concepcion,4,0,3
19-Jun-20,5,Concepcion,4,0,3
20-Jun-20,5,Concepcion,5,1,3
21-Jun-20,5,Concepcion,5,1,3
22-Jun-20,5,Concepcion,5,1,3
23-Jun-20,5,Concepcion,6,1,3
24-Jun-20,5,Concepcion,6,1,4
25-Jun-20,5,Concepcion,6,1,4
26-Jun-20,5,Concepcion,7,1,4
27-Jun-20,5,Concepcion,9,1,4
28-Jun-20,5,Concepcion,16,1,4
29-Jun-20,5,Concepcion,17,1,4
26-Mar-20,6,Dampalit,0,0,0
27-Mar-20,6,Dampalit,0,0,0
28-Mar-20,6,Dampalit,0,0,0
29-Mar-20,6,Dampalit,0,0,0
30-Mar-20,6,Dampalit,0,0,0
31-Mar-20,6,Dampalit,2,0,0
1-Apr-20,6,Dampalit,2,0,0
2-Apr-20,6,Dampalit,2,0,0
3-Apr-20,6,Dampalit,2,0,0
4-Apr-20,6,Dampalit,2,0,0
5-Apr-20,6,Dampalit,2,0,0
6-Apr-20,6,Dampalit,2,0,0
7-Apr-20,6,Dampalit,3,0,0
8-Apr-20,6,Dampalit,3,0,0
9-Apr-20,6,Dampalit,3,0,0
10-Apr-20,6,Dampalit,3,0,0
11-Apr-20,6,Dampalit,3,0,0
12-Apr-20,6,Dampalit,3,0,0
13-Apr-20,6,Dampalit,3,0,0
14-Apr-20,6,Dampalit,3,0,0
15-Apr-20,6,Dampalit,3,0,0
16-Apr-20,6,Dampalit,3,0,0
17-Apr-20,6,Dampalit,3,0,0
18-Apr-20,6,Dampalit,3,0,0
19-Apr-20,6,Dampalit,3,0,0
20-Apr-20,6,Dampalit,3,0,0
21-Apr-20,6,Dampalit,3,0,0
22-Apr-20,6,Dampalit,3,0,0
23-Apr-20,6,Dampalit,3,0,0
24-Apr-20,6,Dampalit,3,0,0
25-Apr-20,6,Dampalit,3,0,0
26-Apr-20,6,Dampalit,3,0,0
27-Apr-20,6,Dampalit,3,0,0
28-Apr-20,6,Dampalit,3,0,0
29-Apr-20,6,Dampalit,3,0,2
30-Apr-20,6,Dampalit,3,0,2
1-May-20,6,Dampalit,3,0,2
2-May-20,6,Dampalit,3,0,2
3-May-20,6,Dampalit,3,0,2
4-May-20,6,Dampalit,3,0,2
5-May-20,6,Dampalit,3,0,2
6-May-20,6,Dampalit,3,0,3
7-May-20,6,Dampalit,3,0,3
8-May-20,6,Dampalit,3,0,3
9-May-20,6,Dampalit,3,0,3
10-May-20,6,Dampalit,3,0,3
11-May-20,6,Dampalit,3,0,3
12-May-20,6,Dampalit,3,0,3
13-May-20,6,Dampalit,3,0,3
14-May-20,6,Dampalit,3,0,3
15-May-20,6,Dampalit,3,0,3
16-May-20,6,Dampalit,4,0,3
17-May-20,6,Dampalit,4,0,3
18-May-20,6,Dampalit,4,0,3
19-May-20,6,Dampalit,4,0,3
20-May-20,6,Dampalit,4,0,3
21-May-20,6,Dampalit,4,0,3
22-May-20,6,Dampalit,4,0,3
23-May-20,6,Dampalit,4,0,3
24-May-20,6,Dampalit,4,0,3
25-May-20,6,Dampalit,4,0,3
26-May-20,6,Dampalit,4,0,3
27-May-20,6,Dampalit,4,0,3
28-May-20,6,Dampalit,4,0,3
29-May-20,6,Dampalit,4,0,3
30-May-20,6,Dampalit,4,0,3
31-May-20,6,Dampalit,4,0,3
1-Jun-20,6,Dampalit,4,0,3
2-Jun-20,6,Dampalit,4,0,3
3-Jun-20,6,Dampalit,5,0,3
4-Jun-20,6,Dampalit,5,0,3
5-Jun-20,6,Dampalit,5,0,3
6-Jun-20,6,Dampalit,5,0,3
7-Jun-20,6,Dampalit,5,0,3
8-Jun-20,6,Dampalit,5,0,3
9-Jun-20,6,Dampalit,5,0,3
10-Jun-20,6,Dampalit,5,0,3
11-Jun-20,6,Dampalit,5,0,4
12-Jun-20,6,Dampalit,5,0,4
13-Jun-20,6,Dampalit,5,0,4
14-Jun-20,6,Dampalit,5,0,4
15-Jun-20,6,Dampalit,5,0,4
16-Jun-20,6,Dampalit,5,0,5
17-Jun-20,6,Dampalit,5,0,5
18-Jun-20,6,Dampalit,5,0,5
19-Jun-20,6,Dampalit,5,0,5
20-Jun-20,6,Dampalit,5,0,5
21-Jun-20,6,Dampalit,5,0,5
22-Jun-20,6,Dampalit,6,0,5
23-Jun-20,6,Dampalit,7,0,5
24-Jun-20,6,Dampalit,7,0,5
25-Jun-20,6,Dampalit,7,0,5
26-Jun-20,6,Dampalit,7,0,5
27-Jun-20,6,Dampalit,9,0,5
28-Jun-20,6,Dampalit,11,0,5
29-Jun-20,6,Dampalit,14,0,5
26-Mar-20,7,Flores,0,0,0
27-Mar-20,7,Flores,0,0,0
28-Mar-20,7,Flores,0,0,0
29-Mar-20,7,Flores,0,0,0
30-Mar-20,7,Flores,0,0,0
31-Mar-20,7,Flores,0,0,0
1-Apr-20,7,Flores,0,0,0
2-Apr-20,7,Flores,0,0,0
3-Apr-20,7,Flores,0,0,0
4-Apr-20,7,Flores,0,0,0
5-Apr-20,7,Flores,0,0,0
6-Apr-20,7,Flores,0,0,0
7-Apr-20,7,Flores,0,0,0
8-Apr-20,7,Flores,0,0,0
9-Apr-20,7,Flores,0,0,0
10-Apr-20,7,Flores,0,0,0
11-Apr-20,7,Flores,0,0,0
12-Apr-20,7,Flores,0,0,0
13-Apr-20,7,Flores,0,0,0
14-Apr-20,7,Flores,0,0,0
15-Apr-20,7,Flores,0,0,0
16-Apr-20,7,Flores,0,0,0
17-Apr-20,7,Flores,0,0,0
18-Apr-20,7,Flores,0,0,0
19-Apr-20,7,Flores,0,0,0
20-Apr-20,7,Flores,0,0,0
21-Apr-20,7,Flores,0,0,0
22-Apr-20,7,Flores,0,0,0
23-Apr-20,7,Flores,0,0,0
24-Apr-20,7,Flores,0,0,0
25-Apr-20,7,Flores,0,0,0
26-Apr-20,7,Flores,0,0,0
27-Apr-20,7,Flores,0,0,0
28-Apr-20,7,Flores,0,0,0
29-Apr-20,7,Flores,0,0,0
30-Apr-20,7,Flores,0,0,0
1-May-20,7,Flores,0,0,0
2-May-20,7,Flores,0,0,0
3-May-20,7,Flores,0,0,0
4-May-20,7,Flores,0,0,0
5-May-20,7,Flores,0,0,0
6-May-20,7,Flores,0,0,0
7-May-20,7,Flores,0,0,0
8-May-20,7,Flores,0,0,0
9-May-20,7,Flores,0,0,0
10-May-20,7,Flores,0,0,0
11-May-20,7,Flores,0,0,0
12-May-20,7,Flores,0,0,0
13-May-20,7,Flores,0,0,0
14-May-20,7,Flores,0,0,0
15-May-20,7,Flores,0,0,0
16-May-20,7,Flores,0,0,0
17-May-20,7,Flores,0,0,0
18-May-20,7,Flores,0,0,0
19-May-20,7,Flores,0,0,0
20-May-20,7,Flores,0,0,0
21-May-20,7,Flores,0,0,0
22-May-20,7,Flores,0,0,0
23-May-20,7,Flores,0,0,0
24-May-20,7,Flores,0,0,0
25-May-20,7,Flores,0,0,0
26-May-20,7,Flores,0,0,0
27-May-20,7,Flores,0,0,0
28-May-20,7,Flores,0,0,0
29-May-20,7,Flores,0,0,0
30-May-20,7,Flores,0,0,0
31-May-20,7,Flores,0,0,0
1-Jun-20,7,Flores,0,0,0
2-Jun-20,7,Flores,0,0,0
3-Jun-20,7,Flores,0,0,0
4-Jun-20,7,Flores,0,0,0
5-Jun-20,7,Flores,0,0,0
6-Jun-20,7,Flores,0,0,0
7-Jun-20,7,Flores,0,0,0
8-Jun-20,7,Flores,0,0,0
9-Jun-20,7,Flores,0,0,0
10-Jun-20,7,Flores,0,0,0
11-Jun-20,7,Flores,0,0,0
12-Jun-20,7,Flores,0,0,0
13-Jun-20,7,Flores,0,0,0
14-Jun-20,7,Flores,0,0,0
15-Jun-20,7,Flores,0,0,0
16-Jun-20,7,Flores,2,0,0
17-Jun-20,7,Flores,2,0,0
18-Jun-20,7,Flores,2,0,0
19-Jun-20,7,Flores,2,1,0
20-Jun-20,7,Flores,2,1,0
21-Jun-20,7,Flores,2,1,0
22-Jun-20,7,Flores,2,1,0
23-Jun-20,7,Flores,2,1,0
24-Jun-20,7,Flores,2,1,0
25-Jun-20,7,Flores,2,1,1
26-Jun-20,7,Flores,2,1,1
27-Jun-20,7,Flores,2,1,1
28-Jun-20,7,Flores,2,1,1
29-Jun-20,7,Flores,4,1,1
26-Mar-20,8,Hulong Duhat,0,0,0
27-Mar-20,8,Hulong Duhat,0,0,0
28-Mar-20,8,Hulong Duhat,0,0,0
29-Mar-20,8,Hulong Duhat,0,0,0
30-Mar-20,8,Hulong Duhat,0,0,0
31-Mar-20,8,Hulong Duhat,0,0,0
1-Apr-20,8,Hulong Duhat,0,0,0
2-Apr-20,8,Hulong Duhat,0,0,0
3-Apr-20,8,Hulong Duhat,0,0,0
4-Apr-20,8,Hulong Duhat,0,0,0
5-Apr-20,8,Hulong Duhat,0,0,0
6-Apr-20,8,Hulong Duhat,0,0,0
7-Apr-20,8,Hulong Duhat,0,0,0
8-Apr-20,8,Hulong Duhat,0,0,0
9-Apr-20,8,Hulong Duhat,0,0,0
10-Apr-20,8,Hulong Duhat,0,0,0
11-Apr-20,8,Hulong Duhat,1,0,0
12-Apr-20,8,Hulong Duhat,1,0,0
13-Apr-20,8,Hulong Duhat,1,0,0
14-Apr-20,8,Hulong Duhat,2,0,0
15-Apr-20,8,Hulong Duhat,2,0,0
16-Apr-20,8,Hulong Duhat,2,0,0
17-Apr-20,8,Hulong Duhat,2,0,0
18-Apr-20,8,Hulong Duhat,2,0,0
19-Apr-20,8,Hulong Duhat,2,0,0
20-Apr-20,8,Hulong Duhat,2,0,0
21-Apr-20,8,Hulong Duhat,2,0,0
22-Apr-20,8,Hulong Duhat,2,0,0
23-Apr-20,8,Hulong Duhat,2,0,0
24-Apr-20,8,Hulong Duhat,2,0,0
25-Apr-20,8,Hulong Duhat,2,0,0
26-Apr-20,8,Hulong Duhat,2,0,0
27-Apr-20,8,Hulong Duhat,2,0,0
28-Apr-20,8,Hulong Duhat,2,0,0
29-Apr-20,8,Hulong Duhat,2,0,0
30-Apr-20,8,Hulong Duhat,2,0,0
1-May-20,8,Hulong Duhat,2,0,0
2-May-20,8,Hulong Duhat,3,0,0
3-May-20,8,Hulong Duhat,3,0,0
4-May-20,8,Hulong Duhat,3,0,0
5-May-20,8,Hulong Duhat,3,0,0
6-May-20,8,Hulong Duhat,3,0,0
7-May-20,8,Hulong Duhat,3,0,0
8-May-20,8,Hulong Duhat,3,0,0
9-May-20,8,Hulong Duhat,3,0,0
10-May-20,8,Hulong Duhat,3,0,0
11-May-20,8,Hulong Duhat,3,0,0
12-May-20,8,Hulong Duhat,3,0,0
13-May-20,8,Hulong Duhat,3,0,0
14-May-20,8,Hulong Duhat,3,0,0
15-May-20,8,Hulong Duhat,3,0,0
16-May-20,8,Hulong Duhat,3,0,0
17-May-20,8,Hulong Duhat,4,0,0
18-May-20,8,Hulong Duhat,4,0,0
19-May-20,8,Hulong Duhat,4,0,0
20-May-20,8,Hulong Duhat,4,0,0
21-May-20,8,Hulong Duhat,4,0,0
22-May-20,8,Hulong Duhat,4,0,3
23-May-20,8,Hulong Duhat,4,0,3
24-May-20,8,Hulong Duhat,4,0,3
25-May-20,8,Hulong Duhat,4,0,3
26-May-20,8,Hulong Duhat,4,0,3
27-May-20,8,Hulong Duhat,4,0,3
28-May-20,8,Hulong Duhat,5,0,3
29-May-20,8,Hulong Duhat,5,0,3
30-May-20,8,Hulong Duhat,5,0,3
31-May-20,8,Hulong Duhat,5,0,3
1-Jun-20,8,Hulong Duhat,5,0,3
2-Jun-20,8,Hulong Duhat,5,0,3
3-Jun-20,8,Hulong Duhat,5,0,3
4-Jun-20,8,Hulong Duhat,5,0,3
5-Jun-20,8,Hulong Duhat,5,0,4
6-Jun-20,8,Hulong Duhat,5,0,4
7-Jun-20,8,Hulong Duhat,6,0,4
8-Jun-20,8,Hulong Duhat,6,0,4
9-Jun-20,8,Hulong Duhat,6,0,4
10-Jun-20,8,Hulong Duhat,6,0,4
11-Jun-20,8,Hulong Duhat,6,0,5
12-Jun-20,8,Hulong Duhat,6,0,5
13-Jun-20,8,Hulong Duhat,6,0,5
14-Jun-20,8,Hulong Duhat,6,0,5
15-Jun-20,8,Hulong Duhat,6,0,5
16-Jun-20,8,Hulong Duhat,6,0,5
17-Jun-20,8,Hulong Duhat,6,0,5
18-Jun-20,8,Hulong Duhat,6,0,5
19-Jun-20,8,Hulong Duhat,7,0,5
20-Jun-20,8,Hulong Duhat,7,0,5
21-Jun-20,8,Hulong Duhat,7,0,6
22-Jun-20,8,Hulong Duhat,7,0,6
23-Jun-20,8,Hulong Duhat,7,0,6
24-Jun-20,8,Hulong Duhat,7,0,6
25-Jun-20,8,Hulong Duhat,7,0,6
26-Jun-20,8,Hulong Duhat,7,0,6
27-Jun-20,8,Hulong Duhat,7,0,6
28-Jun-20,8,Hulong Duhat,7,0,6
29-Jun-20,8,Hulong Duhat,7,0,6
26-Mar-20,9,Ibaba,0,0,0
27-Mar-20,9,Ibaba,0,0,0
28-Mar-20,9,Ibaba,0,0,0
29-Mar-20,9,Ibaba,0,0,0
30-Mar-20,9,Ibaba,0,0,0
31-Mar-20,9,Ibaba,1,0,0
1-Apr-20,9,Ibaba,1,0,0
2-Apr-20,9,Ibaba,1,0,0
3-Apr-20,9,Ibaba,1,0,0
4-Apr-20,9,Ibaba,1,0,0
5-Apr-20,9,Ibaba,1,0,0
6-Apr-20,9,Ibaba,1,0,0
7-Apr-20,9,Ibaba,1,0,0
8-Apr-20,9,Ibaba,1,0,0
9-Apr-20,9,Ibaba,1,0,0
10-Apr-20,9,Ibaba,1,0,0
11-Apr-20,9,Ibaba,1,0,0
12-Apr-20,9,Ibaba,1,0,0
13-Apr-20,9,Ibaba,1,0,0
14-Apr-20,9,Ibaba,1,0,0
15-Apr-20,9,Ibaba,1,0,0
16-Apr-20,9,Ibaba,1,0,0
17-Apr-20,9,Ibaba,1,0,0
18-Apr-20,9,Ibaba,1,0,0
19-Apr-20,9,Ibaba,1,0,0
20-Apr-20,9,Ibaba,1,0,0
21-Apr-20,9,Ibaba,1,0,0
22-Apr-20,9,Ibaba,1,0,0
23-Apr-20,9,Ibaba,1,0,0
24-Apr-20,9,Ibaba,1,0,0
25-Apr-20,9,Ibaba,1,0,0
26-Apr-20,9,Ibaba,3,0,0
27-Apr-20,9,Ibaba,3,0,0
28-Apr-20,9,Ibaba,3,0,0
29-Apr-20,9,Ibaba,3,1,0
30-Apr-20,9,Ibaba,5,1,0
1-May-20,9,Ibaba,5,1,0
2-May-20,9,Ibaba,5,1,0
3-May-20,9,Ibaba,5,1,0
4-May-20,9,Ibaba,5,1,0
5-May-20,9,Ibaba,5,1,0
6-May-20,9,Ibaba,5,1,0
7-May-20,9,Ibaba,5,1,0
8-May-20,9,Ibaba,5,1,0
9-May-20,9,Ibaba,5,1,0
10-May-20,9,Ibaba,5,1,0
11-May-20,9,Ibaba,5,1,0
12-May-20,9,Ibaba,5,1,0
13-May-20,9,Ibaba,5,1,0
14-May-20,9,Ibaba,5,1,0
15-May-20,9,Ibaba,5,1,0
16-May-20,9,Ibaba,5,1,0
17-May-20,9,Ibaba,5,1,0
18-May-20,9,Ibaba,5,1,0
19-May-20,9,Ibaba,5,1,0
20-May-20,9,Ibaba,5,1,0
21-May-20,9,Ibaba,5,1,0
22-May-20,9,Ibaba,5,1,0
23-May-20,9,Ibaba,5,1,0
24-May-20,9,Ibaba,7,1,2
25-May-20,9,Ibaba,7,1,2
26-May-20,9,Ibaba,9,1,2
27-May-20,9,Ibaba,9,1,4
28-May-20,9,Ibaba,10,1,4
29-May-20,9,Ibaba,11,1,4
30-May-20,9,Ibaba,11,1,4
31-May-20,9,Ibaba,12,1,4
1-Jun-20,9,Ibaba,12,1,4
2-Jun-20,9,Ibaba,17,1,4
3-Jun-20,9,Ibaba,17,1,4
4-Jun-20,9,Ibaba,17,2,4
5-Jun-20,9,Ibaba,18,2,4
6-Jun-20,9,Ibaba,19,2,4
7-Jun-20,9,Ibaba,19,2,4
8-Jun-20,9,Ibaba,19,2,4
9-Jun-20,9,Ibaba,21,2,4
10-Jun-20,9,Ibaba,21,2,4
11-Jun-20,9,Ibaba,21,2,4
12-Jun-20,9,Ibaba,21,2,4
13-Jun-20,9,Ibaba,22,2,4
14-Jun-20,9,Ibaba,22,2,4
15-Jun-20,9,Ibaba,22,2,4
16-Jun-20,9,Ibaba,22,2,7
17-Jun-20,9,Ibaba,22,2,8
18-Jun-20,9,Ibaba,24,2,8
19-Jun-20,9,Ibaba,25,3,8
20-Jun-20,9,Ibaba,25,3,8
21-Jun-20,9,Ibaba,25,3,8
22-Jun-20,9,Ibaba,25,3,10
23-Jun-20,9,Ibaba,25,3,10
24-Jun-20,9,Ibaba,25,3,10
25-Jun-20,9,Ibaba,25,3,10
26-Jun-20,9,Ibaba,26,3,10
27-Jun-20,9,Ibaba,26,3,10
28-Jun-20,9,Ibaba,26,3,10
29-Jun-20,9,Ibaba,26,3,11
26-Mar-20,10,Longos,0,0,0
27-Mar-20,10,Longos,0,0,0
28-Mar-20,10,Longos,0,0,0
29-Mar-20,10,Longos,0,0,0
30-Mar-20,10,Longos,0,0,0
31-Mar-20,10,Longos,0,0,0
1-Apr-20,10,Longos,0,0,0
2-Apr-20,10,Longos,0,0,0
3-Apr-20,10,Longos,0,0,0
4-Apr-20,10,Longos,0,0,0
5-Apr-20,10,Longos,0,0,0
6-Apr-20,10,Longos,0,0,0
7-Apr-20,10,Longos,0,0,0
8-Apr-20,10,Longos,0,0,0
9-Apr-20,10,Longos,0,0,0
10-Apr-20,10,Longos,0,0,0
11-Apr-20,10,Longos,0,0,0
12-Apr-20,10,Longos,0,0,0
13-Apr-20,10,Longos,0,0,0
14-Apr-20,10,Longos,1,0,0
15-Apr-20,10,Longos,1,0,0
16-Apr-20,10,Longos,1,0,0
17-Apr-20,10,Longos,2,0,0
18-Apr-20,10,Longos,2,0,0
19-Apr-20,10,Longos,2,0,0
20-Apr-20,10,Longos,2,0,0
21-Apr-20,10,Longos,3,0,0
22-Apr-20,10,Longos,3,0,0
23-Apr-20,10,Longos,3,0,0
24-Apr-20,10,Longos,3,0,0
25-Apr-20,10,Longos,5,0,0
26-Apr-20,10,Longos,5,0,0
27-Apr-20,10,Longos,6,0,0
28-Apr-20,10,Longos,7,0,0
29-Apr-20,10,Longos,7,1,1
30-Apr-20,10,Longos,7,1,1
1-May-20,10,Longos,8,1,1
2-May-20,10,Longos,8,1,1
3-May-20,10,Longos,8,1,1
4-May-20,10,Longos,8,1,1
5-May-20,10,Longos,8,1,1
6-May-20,10,Longos,10,1,3
7-May-20,10,Longos,10,1,3
8-May-20,10,Longos,10,1,4
9-May-20,10,Longos,10,1,4
10-May-20,10,Longos,10,1,4
11-May-20,10,Longos,11,1,4
12-May-20,10,Longos,11,1,4
13-May-20,10,Longos,14,2,4
14-May-20,10,Longos,14,2,4
15-May-20,10,Longos,14,2,4
16-May-20,10,Longos,14,2,5
17-May-20,10,Longos,15,2,6
18-May-20,10,Longos,15,2,6
19-May-20,10,Longos,15,2,7
20-May-20,10,Longos,15,2,7
21-May-20,10,Longos,15,2,7
22-May-20,10,Longos,16,2,7
23-May-20,10,Longos,16,2,7
24-May-20,10,Longos,18,2,9
25-May-20,10,Longos,18,2,9
26-May-20,10,Longos,20,2,11
27-May-20,10,Longos,22,3,11
28-May-20,10,Longos,23,3,12
29-May-20,10,Longos,23,3,12
30-May-20,10,Longos,24,4,12
31-May-20,10,Longos,25,5,13
1-Jun-20,10,Longos,25,5,13
2-Jun-20,10,Longos,26,5,13
3-Jun-20,10,Longos,29,5,13
4-Jun-20,10,Longos,37,6,13
5-Jun-20,10,Longos,37,6,13
6-Jun-20,10,Longos,40,6,14
7-Jun-20,10,Longos,42,7,14
8-Jun-20,10,Longos,43,7,14
9-Jun-20,10,Longos,48,7,16
10-Jun-20,10,Longos,49,9,16
11-Jun-20,10,Longos,49,9,16
12-Jun-20,10,Longos,52,9,16
13-Jun-20,10,Longos,54,9,17
14-Jun-20,10,Longos,54,9,17
15-Jun-20,10,Longos,58,12,17
16-Jun-20,10,Longos,59,12,23
17-Jun-20,10,Longos,59,12,23
18-Jun-20,10,Longos,64,12,23
19-Jun-20,10,Longos,64,12,23
20-Jun-20,10,Longos,65,12,24
21-Jun-20,10,Longos,65,12,26
22-Jun-20,10,Longos,65,12,28
23-Jun-20,10,Longos,68,12,28
24-Jun-20,10,Longos,68,12,28
25-Jun-20,10,Longos,68,12,28
26-Jun-20,10,Longos,69,12,28
27-Jun-20,10,Longos,70,12,28
28-Jun-20,10,Longos,73,12,30
29-Jun-20,10,Longos,73,12,37
26-Mar-20,11,Maysilo,0,0,0
27-Mar-20,11,Maysilo,0,0,0
28-Mar-20,11,Maysilo,0,0,0
29-Mar-20,11,Maysilo,0,0,0
30-Mar-20,11,Maysilo,0,0,0
31-Mar-20,11,Maysilo,0,0,0
1-Apr-20,11,Maysilo,0,0,0
2-Apr-20,11,Maysilo,0,0,0
3-Apr-20,11,Maysilo,0,0,0
4-Apr-20,11,Maysilo,0,0,0
5-Apr-20,11,Maysilo,0,0,0
6-Apr-20,11,Maysilo,0,0,0
7-Apr-20,11,Maysilo,0,0,0
8-Apr-20,11,Maysilo,0,0,0
9-Apr-20,11,Maysilo,0,0,0
10-Apr-20,11,Maysilo,0,0,0
11-Apr-20,11,Maysilo,0,0,0
12-Apr-20,11,Maysilo,0,0,0
13-Apr-20,11,Maysilo,0,0,0
14-Apr-20,11,Maysilo,0,0,0
15-Apr-20,11,Maysilo,0,0,0
16-Apr-20,11,Maysilo,0,0,0
17-Apr-20,11,Maysilo,0,0,0
18-Apr-20,11,Maysilo,0,0,0
19-Apr-20,11,Maysilo,0,0,0
20-Apr-20,11,Maysilo,0,0,0
21-Apr-20,11,Maysilo,0,0,0
22-Apr-20,11,Maysilo,0,0,0
23-Apr-20,11,Maysilo,0,0,0
24-Apr-20,11,Maysilo,0,0,0
25-Apr-20,11,Maysilo,0,0,0
26-Apr-20,11,Maysilo,0,0,0
27-Apr-20,11,Maysilo,0,0,0
28-Apr-20,11,Maysilo,0,0,0
29-Apr-20,11,Maysilo,0,0,0
30-Apr-20,11,Maysilo,0,0,0
1-May-20,11,Maysilo,0,0,0
2-May-20,11,Maysilo,1,0,0
3-May-20,11,Maysilo,1,0,0
4-May-20,11,Maysilo,1,0,0
5-May-20,11,Maysilo,1,0,0
6-May-20,11,Maysilo,1,0,0
7-May-20,11,Maysilo,1,0,0
8-May-20,11,Maysilo,1,0,0
9-May-20,11,Maysilo,1,0,0
10-May-20,11,Maysilo,1,0,0
11-May-20,11,Maysilo,1,1,0
12-May-20,11,Maysilo,1,1,0
13-May-20,11,Maysilo,1,1,0
14-May-20,11,Maysilo,1,1,0
15-May-20,11,Maysilo,1,1,0
16-May-20,11,Maysilo,1,1,0
17-May-20,11,Maysilo,1,1,0
18-May-20,11,Maysilo,1,1,0
19-May-20,11,Maysilo,1,1,0
20-May-20,11,Maysilo,1,1,0
21-May-20,11,Maysilo,1,1,0
22-May-20,11,Maysilo,1,1,0
23-May-20,11,Maysilo,1,1,0
24-May-20,11,Maysilo,1,1,0
25-May-20,11,Maysilo,1,1,0
26-May-20,11,Maysilo,1,1,0
27-May-20,11,Maysilo,1,1,0
28-May-20,11,Maysilo,1,1,0
29-May-20,11,Maysilo,1,1,0
30-May-20,11,Maysilo,1,1,0
31-May-20,11,Maysilo,1,1,0
1-Jun-20,11,Maysilo,1,1,0
2-Jun-20,11,Maysilo,1,1,0
3-Jun-20,11,Maysilo,1,1,0
4-Jun-20,11,Maysilo,2,1,0
5-Jun-20,11,Maysilo,2,1,0
6-Jun-20,11,Maysilo,2,1,0
7-Jun-20,11,Maysilo,2,1,0
8-Jun-20,11,Maysilo,2,1,0
9-Jun-20,11,Maysilo,2,1,0
10-Jun-20,11,Maysilo,3,1,0
11-Jun-20,11,Maysilo,3,1,0
12-Jun-20,11,Maysilo,3,1,0
13-Jun-20,11,Maysilo,3,1,0
14-Jun-20,11,Maysilo,3,1,0
15-Jun-20,11,Maysilo,4,1,0
16-Jun-20,11,Maysilo,4,1,0
17-Jun-20,11,Maysilo,5,1,0
18-Jun-20,11,Maysilo,5,1,0
19-Jun-20,11,Maysilo,5,1,0
20-Jun-20,11,Maysilo,5,1,0
21-Jun-20,11,Maysilo,5,1,0
22-Jun-20,11,Maysilo,5,1,0
23-Jun-20,11,Maysilo,5,1,0
24-Jun-20,11,Maysilo,5,1,0
25-Jun-20,11,Maysilo,5,1,0
26-Jun-20,11,Maysilo,5,1,0
27-Jun-20,11,Maysilo,5,1,0
28-Jun-20,11,Maysilo,5,1,0
29-Jun-20,11,Maysilo,5,1,2
26-Mar-20,12,Muzon,0,0,0
27-Mar-20,12,Muzon,0,0,0
28-Mar-20,12,Muzon,0,0,0
29-Mar-20,12,Muzon,0,0,0
30-Mar-20,12,Muzon,0,0,0
31-Mar-20,12,Muzon,0,0,0
1-Apr-20,12,Muzon,0,0,0
2-Apr-20,12,Muzon,0,0,0
3-Apr-20,12,Muzon,0,0,0
4-Apr-20,12,Muzon,0,0,0
5-Apr-20,12,Muzon,0,0,0
6-Apr-20,12,Muzon,1,0,0
7-Apr-20,12,Muzon,1,0,0
8-Apr-20,12,Muzon,1,0,0
9-Apr-20,12,Muzon,1,0,0
10-Apr-20,12,Muzon,1,0,0
11-Apr-20,12,Muzon,1,0,0
12-Apr-20,12,Muzon,1,0,0
13-Apr-20,12,Muzon,1,0,0
14-Apr-20,12,Muzon,1,0,0
15-Apr-20,12,Muzon,1,0,0
16-Apr-20,12,Muzon,1,0,0
17-Apr-20,12,Muzon,1,0,0
18-Apr-20,12,Muzon,1,0,0
19-Apr-20,12,Muzon,1,0,0
20-Apr-20,12,Muzon,1,0,0
21-Apr-20,12,Muzon,1,0,0
22-Apr-20,12,Muzon,1,0,0
23-Apr-20,12,Muzon,1,0,0
24-Apr-20,12,Muzon,1,0,0
25-Apr-20,12,Muzon,1,0,0
26-Apr-20,12,Muzon,1,0,0
27-Apr-20,12,Muzon,1,0,0
28-Apr-20,12,Muzon,1,0,0
29-Apr-20,12,Muzon,1,0,1
30-Apr-20,12,Muzon,1,0,1
1-May-20,12,Muzon,1,0,1
2-May-20,12,Muzon,1,0,1
3-May-20,12,Muzon,1,0,1
4-May-20,12,Muzon,1,0,1
5-May-20,12,Muzon,1,0,1
6-May-20,12,Muzon,1,0,1
7-May-20,12,Muzon,1,0,1
8-May-20,12,Muzon,1,0,1
9-May-20,12,Muzon,1,0,1
10-May-20,12,Muzon,1,0,1
11-May-20,12,Muzon,1,0,1
12-May-20,12,Muzon,1,0,1
13-May-20,12,Muzon,1,0,1
14-May-20,12,Muzon,1,0,1
15-May-20,12,Muzon,1,0,1
16-May-20,12,Muzon,1,0,1
17-May-20,12,Muzon,1,0,1
18-May-20,12,Muzon,1,0,1
19-May-20,12,Muzon,1,0,1
20-May-20,12,Muzon,1,0,1
21-May-20,12,Muzon,1,0,1
22-May-20,12,Muzon,1,0,1
23-May-20,12,Muzon,1,0,1
24-May-20,12,Muzon,1,0,1
25-May-20,12,Muzon,1,0,1
26-May-20,12,Muzon,1,0,1
27-May-20,12,Muzon,1,0,1
28-May-20,12,Muzon,1,0,1
29-May-20,12,Muzon,1,0,1
30-May-20,12,Muzon,1,0,1
31-May-20,12,Muzon,1,0,1
1-Jun-20,12,Muzon,2,0,1
2-Jun-20,12,Muzon,3,0,1
3-Jun-20,12,Muzon,3,0,1
4-Jun-20,12,Muzon,3,0,1
5-Jun-20,12,Muzon,3,0,1
6-Jun-20,12,Muzon,4,1,1
7-Jun-20,12,Muzon,4,1,1
8-Jun-20,12,Muzon,4,1,1
9-Jun-20,12,Muzon,4,1,1
10-Jun-20,12,Muzon,4,1,1
11-Jun-20,12,Muzon,4,1,1
12-Jun-20,12,Muzon,4,1,1
13-Jun-20,12,Muzon,4,1,1
14-Jun-20,12,Muzon,4,1,1
15-Jun-20,12,Muzon,4,1,1
16-Jun-20,12,Muzon,4,1,1
17-Jun-20,12,Muzon,4,1,1
18-Jun-20,12,Muzon,4,1,1
19-Jun-20,12,Muzon,4,1,1
20-Jun-20,12,Muzon,4,1,1
21-Jun-20,12,Muzon,4,1,1
22-Jun-20,12,Muzon,5,1,1
23-Jun-20,12,Muzon,6,1,1
24-Jun-20,12,Muzon,6,1,1
25-Jun-20,12,Muzon,7,1,1
26-Jun-20,12,Muzon,10,1,1
27-Jun-20,12,Muzon,10,1,1
28-Jun-20,12,Muzon,10,1,1
29-Jun-20,12,Muzon,11,1,1
26-Mar-20,13,Niugan,0,0,0
27-Mar-20,13,Niugan,0,0,0
28-Mar-20,13,Niugan,0,0,0
29-Mar-20,13,Niugan,0,0,0
30-Mar-20,13,Niugan,0,0,0
31-Mar-20,13,Niugan,0,0,0
1-Apr-20,13,Niugan,0,0,0
2-Apr-20,13,Niugan,0,0,0
3-Apr-20,13,Niugan,0,0,0
4-Apr-20,13,Niugan,0,0,0
5-Apr-20,13,Niugan,0,0,0
6-Apr-20,13,Niugan,0,0,0
7-Apr-20,13,Niugan,0,0,0
8-Apr-20,13,Niugan,0,0,0
9-Apr-20,13,Niugan,0,0,0
10-Apr-20,13,Niugan,0,0,0
11-Apr-20,13,Niugan,0,0,0
12-Apr-20,13,Niugan,0,0,0
13-Apr-20,13,Niugan,0,0,0
14-Apr-20,13,Niugan,0,0,0
15-Apr-20,13,Niugan,0,0,0
16-Apr-20,13,Niugan,0,0,0
17-Apr-20,13,Niugan,0,0,0
18-Apr-20,13,Niugan,0,0,0
19-Apr-20,13,Niugan,0,0,0
20-Apr-20,13,Niugan,0,0,0
21-Apr-20,13,Niugan,0,0,0
22-Apr-20,13,Niugan,0,0,0
23-Apr-20,13,Niugan,0,0,0
24-Apr-20,13,Niugan,0,0,0
25-Apr-20,13,Niugan,0,0,0
26-Apr-20,13,Niugan,0,0,0
27-Apr-20,13,Niugan,0,0,0
28-Apr-20,13,Niugan,0,0,0
29-Apr-20,13,Niugan,0,0,0
30-Apr-20,13,Niugan,0,0,0
1-May-20,13,Niugan,0,0,0
2-May-20,13,Niugan,0,0,0
3-May-20,13,Niugan,0,0,0
4-May-20,13,Niugan,0,0,0
5-May-20,13,Niugan,0,0,0
6-May-20,13,Niugan,0,0,0
7-May-20,13,Niugan,0,0,0
8-May-20,13,Niugan,1,0,0
9-May-20,13,Niugan,1,0,0
10-May-20,13,Niugan,1,0,0
11-May-20,13,Niugan,1,0,0
12-May-20,13,Niugan,1,0,0
13-May-20,13,Niugan,1,0,0
14-May-20,13,Niugan,1,0,0
15-May-20,13,Niugan,1,0,0
16-May-20,13,Niugan,1,0,0
17-May-20,13,Niugan,2,0,0
18-May-20,13,Niugan,2,0,0
19-May-20,13,Niugan,2,0,0
20-May-20,13,Niugan,2,0,0
21-May-20,13,Niugan,2,0,1
22-May-20,13,Niugan,6,1,1
23-May-20,13,Niugan,6,1,1
24-May-20,13,Niugan,6,1,1
25-May-20,13,Niugan,6,1,1
26-May-20,13,Niugan,6,1,1
27-May-20,13,Niugan,7,1,1
28-May-20,13,Niugan,7,1,1
29-May-20,13,Niugan,9,1,1
30-May-20,13,Niugan,9,1,1
31-May-20,13,Niugan,9,1,1
1-Jun-20,13,Niugan,9,1,1
2-Jun-20,13,Niugan,9,1,1
3-Jun-20,13,Niugan,9,1,1
4-Jun-20,13,Niugan,10,1,1
5-Jun-20,13,Niugan,12,1,1
6-Jun-20,13,Niugan,12,1,1
7-Jun-20,13,Niugan,12,1,2
8-Jun-20,13,Niugan,12,1,2
9-Jun-20,13,Niugan,13,1,3
10-Jun-20,13,Niugan,13,1,3
11-Jun-20,13,Niugan,13,1,3
12-Jun-20,13,Niugan,14,1,3
13-Jun-20,13,Niugan,14,1,3
14-Jun-20,13,Niugan,14,1,3
15-Jun-20,13,Niugan,14,1,3
16-Jun-20,13,Niugan,14,1,3
17-Jun-20,13,Niugan,14,1,3
18-Jun-20,13,Niugan,14,1,5
19-Jun-20,13,Niugan,14,1,5
20-Jun-20,13,Niugan,14,1,5
21-Jun-20,13,Niugan,14,1,6
22-Jun-20,13,Niugan,14,1,7
23-Jun-20,13,Niugan,14,1,7
24-Jun-20,13,Niugan,15,1,8
25-Jun-20,13,Niugan,15,1,8
26-Jun-20,13,Niugan,15,1,8
27-Jun-20,13,Niugan,15,1,8
28-Jun-20,13,Niugan,15,1,8
29-Jun-20,13,Niugan,15,1,10
26-Mar-20,14,Panghulo,0,0,0
27-Mar-20,14,Panghulo,0,0,0
28-Mar-20,14,Panghulo,0,0,0
29-Mar-20,14,Panghulo,0,0,0
30-Mar-20,14,Panghulo,0,0,0
31-Mar-20,14,Panghulo,0,0,0
1-Apr-20,14,Panghulo,0,0,0
2-Apr-20,14,Panghulo,0,0,0
3-Apr-20,14,Panghulo,0,0,0
4-Apr-20,14,Panghulo,0,0,0
5-Apr-20,14,Panghulo,0,0,0
6-Apr-20,14,Panghulo,1,0,0
7-Apr-20,14,Panghulo,1,0,0
8-Apr-20,14,Panghulo,1,0,0
9-Apr-20,14,Panghulo,1,0,0
10-Apr-20,14,Panghulo,1,0,0
11-Apr-20,14,Panghulo,1,0,0
12-Apr-20,14,Panghulo,1,0,0
13-Apr-20,14,Panghulo,1,0,0
14-Apr-20,14,Panghulo,1,0,0
15-Apr-20,14,Panghulo,1,0,0
16-Apr-20,14,Panghulo,1,0,0
17-Apr-20,14,Panghulo,1,0,0
18-Apr-20,14,Panghulo,1,0,0
19-Apr-20,14,Panghulo,1,0,0
20-Apr-20,14,Panghulo,1,0,0
21-Apr-20,14,Panghulo,1,0,0
22-Apr-20,14,Panghulo,1,0,0
23-Apr-20,14,Panghulo,1,0,0
24-Apr-20,14,Panghulo,1,0,0
25-Apr-20,14,Panghulo,1,0,0
26-Apr-20,14,Panghulo,1,0,0
27-Apr-20,14,Panghulo,1,0,0
28-Apr-20,14,Panghulo,1,0,0
29-Apr-20,14,Panghulo,1,0,1
30-Apr-20,14,Panghulo,1,0,1
1-May-20,14,Panghulo,1,0,1
2-May-20,14,Panghulo,1,0,1
3-May-20,14,Panghulo,1,0,1
4-May-20,14,Panghulo,1,0,1
5-May-20,14,Panghulo,1,0,1
6-May-20,14,Panghulo,1,0,1
7-May-20,14,Panghulo,1,0,1
8-May-20,14,Panghulo,1,0,1
9-May-20,14,Panghulo,1,0,1
10-May-20,14,Panghulo,1,0,1
11-May-20,14,Panghulo,1,0,1
12-May-20,14,Panghulo,1,0,1
13-May-20,14,Panghulo,1,0,1
14-May-20,14,Panghulo,1,0,1
15-May-20,14,Panghulo,1,0,1
16-May-20,14,Panghulo,1,0,1
17-May-20,14,Panghulo,1,0,1
18-May-20,14,Panghulo,1,0,1
19-May-20,14,Panghulo,1,0,1
20-May-20,14,Panghulo,1,0,1
21-May-20,14,Panghulo,1,0,1
22-May-20,14,Panghulo,1,0,1
23-May-20,14,Panghulo,1,0,1
24-May-20,14,Panghulo,1,0,1
25-May-20,14,Panghulo,1,0,1
26-May-20,14,Panghulo,1,0,1
27-May-20,14,Panghulo,1,0,1
28-May-20,14,Panghulo,1,0,1
29-May-20,14,Panghulo,1,0,1
30-May-20,14,Panghulo,1,0,1
31-May-20,14,Panghulo,1,0,1
1-Jun-20,14,Panghulo,1,0,1
2-Jun-20,14,Panghulo,2,0,1
3-Jun-20,14,Panghulo,2,0,1
4-Jun-20,14,Panghulo,2,0,1
5-Jun-20,14,Panghulo,2,0,1
6-Jun-20,14,Panghulo,2,0,1
7-Jun-20,14,Panghulo,2,0,1
8-Jun-20,14,Panghulo,2,0,1
9-Jun-20,14,Panghulo,2,0,1
10-Jun-20,14,Panghulo,2,0,1
11-Jun-20,14,Panghulo,2,0,1
12-Jun-20,14,Panghulo,2,0,1
13-Jun-20,14,Panghulo,2,0,1
14-Jun-20,14,Panghulo,2,0,1
15-Jun-20,14,Panghulo,2,0,1
16-Jun-20,14,Panghulo,2,0,1
17-Jun-20,14,Panghulo,2,0,1
18-Jun-20,14,Panghulo,2,0,1
19-Jun-20,14,Panghulo,2,0,1
20-Jun-20,14,Panghulo,3,0,1
21-Jun-20,14,Panghulo,3,0,2
22-Jun-20,14,Panghulo,4,0,2
23-Jun-20,14,Panghulo,4,0,2
24-Jun-20,14,Panghulo,5,0,2
25-Jun-20,14,Panghulo,5,0,2
26-Jun-20,14,Panghulo,6,1,2
27-Jun-20,14,Panghulo,6,1,2
28-Jun-20,14,Panghulo,6,1,2
29-Jun-20,14,Panghulo,6,1,2
26-Mar-20,15,Potrero,0,0,0
27-Mar-20,15,Potrero,0,0,0
28-Mar-20,15,Potrero,0,0,0
29-Mar-20,15,Potrero,0,0,0
30-Mar-20,15,Potrero,0,0,0
31-Mar-20,15,Potrero,0,0,0
1-Apr-20,15,Potrero,0,0,0
2-Apr-20,15,Potrero,0,0,0
3-Apr-20,15,Potrero,0,0,0
4-Apr-20,15,Potrero,0,0,0
5-Apr-20,15,Potrero,0,0,0
6-Apr-20,15,Potrero,0,0,0
7-Apr-20,15,Potrero,2,0,0
8-Apr-20,15,Potrero,3,0,0
9-Apr-20,15,Potrero,3,0,0
10-Apr-20,15,Potrero,3,0,0
11-Apr-20,15,Potrero,3,0,0
12-Apr-20,15,Potrero,3,0,0
13-Apr-20,15,Potrero,3,0,0
14-Apr-20,15,Potrero,3,0,0
15-Apr-20,15,Potrero,4,0,0
16-Apr-20,15,Potrero,4,0,0
17-Apr-20,15,Potrero,4,0,0
18-Apr-20,15,Potrero,4,0,0
19-Apr-20,15,Potrero,4,0,0
20-Apr-20,15,Potrero,4,0,0
21-Apr-20,15,Potrero,4,0,0
22-Apr-20,15,Potrero,4,0,0
23-Apr-20,15,Potrero,4,0,0
24-Apr-20,15,Potrero,5,0,0
25-Apr-20,15,Potrero,5,0,0
26-Apr-20,15,Potrero,5,0,0
27-Apr-20,15,Potrero,8,0,0
28-Apr-20,15,Potrero,8,0,0
29-Apr-20,15,Potrero,9,1,2
30-Apr-20,15,Potrero,9,1,2
1-May-20,15,Potrero,9,1,2
2-May-20,15,Potrero,9,1,2
3-May-20,15,Potrero,9,1,2
4-May-20,15,Potrero,9,1,2
5-May-20,15,Potrero,9,1,2
6-May-20,15,Potrero,9,1,3
7-May-20,15,Potrero,9,1,3
8-May-20,15,Potrero,9,1,4
9-May-20,15,Potrero,9,1,4
10-May-20,15,Potrero,9,1,4
11-May-20,15,Potrero,9,1,4
12-May-20,15,Potrero,9,1,4
13-May-20,15,Potrero,9,1,4
14-May-20,15,Potrero,9,1,5
15-May-20,15,Potrero,9,1,5
16-May-20,15,Potrero,9,1,5
17-May-20,15,Potrero,9,1,5
18-May-20,15,Potrero,9,1,5
19-May-20,15,Potrero,9,1,5
20-May-20,15,Potrero,10,1,5
21-May-20,15,Potrero,10,1,5
22-May-20,15,Potrero,11,1,6
23-May-20,15,Potrero,12,1,7
24-May-20,15,Potrero,14,1,8
25-May-20,15,Potrero,14,1,8
26-May-20,15,Potrero,16,1,8
27-May-20,15,Potrero,17,1,8
28-May-20,15,Potrero,17,1,8
29-May-20,15,Potrero,17,1,8
30-May-20,15,Potrero,17,1,8
31-May-20,15,Potrero,20,2,8
1-Jun-20,15,Potrero,20,2,8
2-Jun-20,15,Potrero,20,2,8
3-Jun-20,15,Potrero,21,2,8
4-Jun-20,15,Potrero,22,2,8
5-Jun-20,15,Potrero,26,2,9
6-Jun-20,15,Potrero,26,2,9
7-Jun-20,15,Potrero,27,2,9
8-Jun-20,15,Potrero,27,2,9
9-Jun-20,15,Potrero,28,2,9
10-Jun-20,15,Potrero,28,2,10
11-Jun-20,15,Potrero,29,2,15
12-Jun-20,15,Potrero,29,2,15
13-Jun-20,15,Potrero,29,2,15
14-Jun-20,15,Potrero,29,2,15
15-Jun-20,15,Potrero,29,2,15
16-Jun-20,15,Potrero,30,2,17
17-Jun-20,15,Potrero,30,2,17
18-Jun-20,15,Potrero,30,2,18
19-Jun-20,15,Potrero,30,2,18
20-Jun-20,15,Potrero,30,2,18
21-Jun-20,15,Potrero,30,2,18
22-Jun-20,15,Potrero,31,2,18
23-Jun-20,15,Potrero,32,2,18
24-Jun-20,15,Potrero,32,2,18
25-Jun-20,15,Potrero,32,2,18
26-Jun-20,15,Potrero,32,2,18
27-Jun-20,15,Potrero,32,2,18
28-Jun-20,15,Potrero,34,2,18
29-Jun-20,15,Potrero,34,2,23
26-Mar-20,16,San Agustin,0,0,0
27-Mar-20,16,San Agustin,0,0,0
28-Mar-20,16,San Agustin,0,0,0
29-Mar-20,16,San Agustin,0,0,0
30-Mar-20,16,San Agustin,0,0,0
31-Mar-20,16,San Agustin,1,0,0
1-Apr-20,16,San Agustin,1,0,0
2-Apr-20,16,San Agustin,1,0,0
3-Apr-20,16,San Agustin,1,0,0
4-Apr-20,16,San Agustin,1,0,0
5-Apr-20,16,San Agustin,1,0,0
6-Apr-20,16,San Agustin,2,0,0
7-Apr-20,16,San Agustin,2,0,0
8-Apr-20,16,San Agustin,2,0,0
9-Apr-20,16,San Agustin,2,0,0
10-Apr-20,16,San Agustin,2,0,0
11-Apr-20,16,San Agustin,2,0,0
12-Apr-20,16,San Agustin,2,0,0
13-Apr-20,16,San Agustin,2,0,0
14-Apr-20,16,San Agustin,2,0,0
15-Apr-20,16,San Agustin,2,0,0
16-Apr-20,16,San Agustin,2,0,0
17-Apr-20,16,San Agustin,2,0,0
18-Apr-20,16,San Agustin,2,0,0
19-Apr-20,16,San Agustin,2,0,0
20-Apr-20,16,San Agustin,2,0,0
21-Apr-20,16,San Agustin,2,0,0
22-Apr-20,16,San Agustin,2,0,0
23-Apr-20,16,San Agustin,2,0,0
24-Apr-20,16,San Agustin,2,0,0
25-Apr-20,16,San Agustin,2,0,0
26-Apr-20,16,San Agustin,2,0,0
27-Apr-20,16,San Agustin,2,0,0
28-Apr-20,16,San Agustin,2,0,0
29-Apr-20,16,San Agustin,2,0,1
30-Apr-20,16,San Agustin,2,0,1
1-May-20,16,San Agustin,2,0,1
2-May-20,16,San Agustin,2,0,1
3-May-20,16,San Agustin,3,0,1
4-May-20,16,San Agustin,3,0,1
5-May-20,16,San Agustin,3,0,1
6-May-20,16,San Agustin,3,0,1
7-May-20,16,San Agustin,3,0,1
8-May-20,16,San Agustin,3,0,1
9-May-20,16,San Agustin,3,0,1
10-May-20,16,San Agustin,3,0,1
11-May-20,16,San Agustin,4,0,1
12-May-20,16,San Agustin,4,0,1
13-May-20,16,San Agustin,4,0,2
14-May-20,16,San Agustin,4,0,2
15-May-20,16,San Agustin,4,0,2
16-May-20,16,San Agustin,4,0,2
17-May-20,16,San Agustin,4,0,2
18-May-20,16,San Agustin,4,0,2
19-May-20,16,San Agustin,4,0,2
20-May-20,16,San Agustin,4,0,2
21-May-20,16,San Agustin,4,0,3
22-May-20,16,San Agustin,4,0,3
23-May-20,16,San Agustin,4,0,3
24-May-20,16,San Agustin,4,0,3
25-May-20,16,San Agustin,4,0,3
26-May-20,16,San Agustin,4,0,3
27-May-20,16,San Agustin,4,0,3
28-May-20,16,San Agustin,4,0,3
29-May-20,16,San Agustin,5,0,3
30-May-20,16,San Agustin,5,0,3
31-May-20,16,San Agustin,5,0,3
1-Jun-20,16,San Agustin,7,0,3
2-Jun-20,16,San Agustin,7,0,3
3-Jun-20,16,San Agustin,7,0,3
4-Jun-20,16,San Agustin,7,0,3
5-Jun-20,16,San Agustin,10,0,3
6-Jun-20,16,San Agustin,10,0,3
7-Jun-20,16,San Agustin,10,0,4
8-Jun-20,16,San Agustin,10,0,4
9-Jun-20,16,San Agustin,12,0,4
10-Jun-20,16,San Agustin,14,0,4
11-Jun-20,16,San Agustin,15,0,4
12-Jun-20,16,San Agustin,17,0,4
13-Jun-20,16,San Agustin,20,0,4
14-Jun-20,16,San Agustin,20,0,4
15-Jun-20,16,San Agustin,20,0,4
16-Jun-20,16,San Agustin,20,0,6
17-Jun-20,16,San Agustin,20,0,6
18-Jun-20,16,San Agustin,21,0,6
19-Jun-20,16,San Agustin,22,0,6
20-Jun-20,16,San Agustin,23,1,6
21-Jun-20,16,San Agustin,23,1,6
22-Jun-20,16,San Agustin,23,1,6
23-Jun-20,16,San Agustin,23,1,6
24-Jun-20,16,San Agustin,23,1,6
25-Jun-20,16,San Agustin,23,1,6
26-Jun-20,16,San Agustin,24,2,6
27-Jun-20,16,San Agustin,24,2,6
28-Jun-20,16,San Agustin,24,2,8
29-Jun-20,16,San Agustin,25,2,8
26-Mar-20,17,Santulan,0,0,0
27-Mar-20,17,Santulan,0,0,0
28-Mar-20,17,Santulan,0,0,0
29-Mar-20,17,Santulan,0,0,0
30-Mar-20,17,Santulan,0,0,0
31-Mar-20,17,Santulan,0,0,0
1-Apr-20,17,Santulan,0,0,0
2-Apr-20,17,Santulan,0,0,0
3-Apr-20,17,Santulan,0,0,0
4-Apr-20,17,Santulan,0,0,0
5-Apr-20,17,Santulan,0,0,0
6-Apr-20,17,Santulan,0,0,0
7-Apr-20,17,Santulan,0,0,0
8-Apr-20,17,Santulan,0,0,0
9-Apr-20,17,Santulan,0,0,0
10-Apr-20,17,Santulan,0,0,0
11-Apr-20,17,Santulan,0,0,0
12-Apr-20,17,Santulan,0,0,0
13-Apr-20,17,Santulan,0,0,0
14-Apr-20,17,Santulan,0,0,0
15-Apr-20,17,Santulan,0,0,0
16-Apr-20,17,Santulan,0,0,0
17-Apr-20,17,Santulan,0,0,0
18-Apr-20,17,Santulan,0,0,0
19-Apr-20,17,Santulan,0,0,0
20-Apr-20,17,Santulan,0,0,0
21-Apr-20,17,Santulan,0,0,0
22-Apr-20,17,Santulan,0,0,0
23-Apr-20,17,Santulan,0,0,0
24-Apr-20,17,Santulan,0,0,0
25-Apr-20,17,Santulan,0,0,0
26-Apr-20,17,Santulan,0,0,0
27-Apr-20,17,Santulan,0,0,0
28-Apr-20,17,Santulan,0,0,0
29-Apr-20,17,Santulan,0,0,0
30-Apr-20,17,Santulan,0,0,0
1-May-20,17,Santulan,0,0,0
2-May-20,17,Santulan,0,0,0
3-May-20,17,Santulan,0,0,0
4-May-20,17,Santulan,0,0,0
5-May-20,17,Santulan,0,0,0
6-May-20,17,Santulan,0,0,0
7-May-20,17,Santulan,0,0,0
8-May-20,17,Santulan,0,0,0
9-May-20,17,Santulan,0,0,0
10-May-20,17,Santulan,0,0,0
11-May-20,17,Santulan,0,0,0
12-May-20,17,Santulan,0,0,0
13-May-20,17,Santulan,0,0,0
14-May-20,17,Santulan,0,0,0
15-May-20,17,Santulan,0,0,0
16-May-20,17,Santulan,0,0,0
17-May-20,17,Santulan,0,0,0
18-May-20,17,Santulan,0,0,0
19-May-20,17,Santulan,0,0,0
20-May-20,17,Santulan,0,0,0
21-May-20,17,Santulan,0,0,0
22-May-20,17,Santulan,0,0,0
23-May-20,17,Santulan,0,0,0
24-May-20,17,Santulan,0,0,0
25-May-20,17,Santulan,0,0,0
26-May-20,17,Santulan,0,0,0
27-May-20,17,Santulan,0,0,0
28-May-20,17,Santulan,0,0,0
29-May-20,17,Santulan,0,0,0
30-May-20,17,Santulan,0,0,0
31-May-20,17,Santulan,0,0,0
1-Jun-20,17,Santulan,0,0,0
2-Jun-20,17,Santulan,0,0,0
3-Jun-20,17,Santulan,0,0,0
4-Jun-20,17,Santulan,0,0,0
5-Jun-20,17,Santulan,0,0,0
6-Jun-20,17,Santulan,0,0,0
7-Jun-20,17,Santulan,0,0,0
8-Jun-20,17,Santulan,0,0,0
9-Jun-20,17,Santulan,0,0,0
10-Jun-20,17,Santulan,0,0,0
11-Jun-20,17,Santulan,0,0,0
12-Jun-20,17,Santulan,0,0,0
13-Jun-20,17,Santulan,0,0,0
14-Jun-20,17,Santulan,0,0,0
15-Jun-20,17,Santulan,0,0,0
16-Jun-20,17,Santulan,0,0,0
17-Jun-20,17,Santulan,0,0,0
18-Jun-20,17,Santulan,0,0,0
19-Jun-20,17,Santulan,0,0,0
20-Jun-20,17,Santulan,0,0,0
21-Jun-20,17,Santulan,0,0,0
22-Jun-20,17,Santulan,1,0,0
23-Jun-20,17,Santulan,1,0,0
24-Jun-20,17,Santulan,1,0,0
25-Jun-20,17,Santulan,1,0,0
26-Jun-20,17,Santulan,2,0,0
27-Jun-20,17,Santulan,2,0,0
28-Jun-20,17,Santulan,4,0,0
29-Jun-20,17,Santulan,4,0,0
26-Mar-20,18,Tanong,0,0,0
27-Mar-20,18,Tanong,0,0,0
28-Mar-20,18,Tanong,0,0,0
29-Mar-20,18,Tanong,0,0,0
30-Mar-20,18,Tanong,0,0,0
31-Mar-20,18,Tanong,1,0,0
1-Apr-20,18,Tanong,1,0,0
2-Apr-20,18,Tanong,1,0,0
3-Apr-20,18,Tanong,2,0,0
4-Apr-20,18,Tanong,2,0,0
5-Apr-20,18,Tanong,2,0,0
6-Apr-20,18,Tanong,2,0,0
7-Apr-20,18,Tanong,2,0,0
8-Apr-20,18,Tanong,2,0,0
9-Apr-20,18,Tanong,2,0,0
10-Apr-20,18,Tanong,2,0,0
11-Apr-20,18,Tanong,2,0,0
12-Apr-20,18,Tanong,2,0,0
13-Apr-20,18,Tanong,2,0,0
14-Apr-20,18,Tanong,2,0,0
15-Apr-20,18,Tanong,2,0,0
16-Apr-20,18,Tanong,2,0,0
17-Apr-20,18,Tanong,2,0,0
18-Apr-20,18,Tanong,2,0,0
19-Apr-20,18,Tanong,2,0,0
20-Apr-20,18,Tanong,2,0,0
21-Apr-20,18,Tanong,2,0,0
22-Apr-20,18,Tanong,2,0,0
23-Apr-20,18,Tanong,2,0,0
24-Apr-20,18,Tanong,2,0,0
25-Apr-20,18,Tanong,2,0,0
26-Apr-20,18,Tanong,3,0,0
27-Apr-20,18,Tanong,3,0,0
28-Apr-20,18,Tanong,3,0,0
29-Apr-20,18,Tanong,5,1,0
30-Apr-20,18,Tanong,5,1,0
1-May-20,18,Tanong,5,1,0
2-May-20,18,Tanong,5,1,0
3-May-20,18,Tanong,6,1,0
4-May-20,18,Tanong,6,1,0
5-May-20,18,Tanong,6,1,0
6-May-20,18,Tanong,6,1,0
7-May-20,18,Tanong,6,1,0
8-May-20,18,Tanong,6,1,0
9-May-20,18,Tanong,6,1,0
10-May-20,18,Tanong,6,1,0
11-May-20,18,Tanong,8,2,0
12-May-20,18,Tanong,8,2,0
13-May-20,18,Tanong,8,2,0
14-May-20,18,Tanong,8,2,0
15-May-20,18,Tanong,8,2,0
16-May-20,18,Tanong,8,2,1
17-May-20,18,Tanong,8,2,1
18-May-20,18,Tanong,8,2,2
19-May-20,18,Tanong,8,2,2
20-May-20,18,Tanong,8,2,2
21-May-20,18,Tanong,8,2,2
22-May-20,18,Tanong,11,2,3
23-May-20,18,Tanong,11,2,3
24-May-20,18,Tanong,11,2,4
25-May-20,18,Tanong,11,2,4
26-May-20,18,Tanong,11,2,4
27-May-20,18,Tanong,11,2,4
28-May-20,18,Tanong,11,2,4
29-May-20,18,Tanong,11,2,4
30-May-20,18,Tanong,11,2,4
31-May-20,18,Tanong,11,2,4
1-Jun-20,18,Tanong,11,2,4
2-Jun-20,18,Tanong,12,2,5
3-Jun-20,18,Tanong,12,2,5
4-Jun-20,18,Tanong,13,2,5
5-Jun-20,18,Tanong,14,3,5
6-Jun-20,18,Tanong,14,3,5
7-Jun-20,18,Tanong,14,3,5
8-Jun-20,18,Tanong,14,3,5
9-Jun-20,18,Tanong,16,3,5
10-Jun-20,18,Tanong,16,3,5
11-Jun-20,18,Tanong,16,3,6
12-Jun-20,18,Tanong,17,3,6
13-Jun-20,18,Tanong,17,3,6
14-Jun-20,18,Tanong,18,3,6
15-Jun-20,18,Tanong,19,3,6
16-Jun-20,18,Tanong,19,3,6
17-Jun-20,18,Tanong,19,3,7
18-Jun-20,18,Tanong,20,3,7
19-Jun-20,18,Tanong,20,3,7
20-Jun-20,18,Tanong,21,3,7
21-Jun-20,18,Tanong,21,3,7
22-Jun-20,18,Tanong,23,3,7
23-Jun-20,18,Tanong,24,3,7
24-Jun-20,18,Tanong,26,4,7
25-Jun-20,18,Tanong,26,4,7
26-Jun-20,18,Tanong,26,4,7
27-Jun-20,18,Tanong,27,4,7
28-Jun-20,18,Tanong,27,4,8
29-Jun-20,18,Tanong,28,4,12
26-Mar-20,19,Tinajeros,0,0,0
27-Mar-20,19,Tinajeros,0,0,0
28-Mar-20,19,Tinajeros,0,0,0
29-Mar-20,19,Tinajeros,0,0,0
30-Mar-20,19,Tinajeros,0,0,0
31-Mar-20,19,Tinajeros,1,0,0
1-Apr-20,19,Tinajeros,1,0,0
2-Apr-20,19,Tinajeros,1,0,0
3-Apr-20,19,Tinajeros,2,0,0
4-Apr-20,19,Tinajeros,2,0,0
5-Apr-20,19,Tinajeros,2,0,0
6-Apr-20,19,Tinajeros,2,0,0
7-Apr-20,19,Tinajeros,2,0,0
8-Apr-20,19,Tinajeros,2,0,0
9-Apr-20,19,Tinajeros,2,0,0
10-Apr-20,19,Tinajeros,2,0,0
11-Apr-20,19,Tinajeros,2,0,0
12-Apr-20,19,Tinajeros,2,0,0
13-Apr-20,19,Tinajeros,2,0,0
14-Apr-20,19,Tinajeros,4,0,0
15-Apr-20,19,Tinajeros,4,0,0
16-Apr-20,19,Tinajeros,4,0,0
17-Apr-20,19,Tinajeros,4,0,0
18-Apr-20,19,Tinajeros,4,0,0
19-Apr-20,19,Tinajeros,4,0,0
20-Apr-20,19,Tinajeros,4,0,0
21-Apr-20,19,Tinajeros,4,0,0
22-Apr-20,19,Tinajeros,4,0,0
23-Apr-20,19,Tinajeros,4,0,0
24-Apr-20,19,Tinajeros,4,0,0
25-Apr-20,19,Tinajeros,4,0,0
26-Apr-20,19,Tinajeros,4,0,0
27-Apr-20,19,Tinajeros,4,0,0
28-Apr-20,19,Tinajeros,4,0,0
29-Apr-20,19,Tinajeros,5,2,1
30-Apr-20,19,Tinajeros,7,2,1
1-May-20,19,Tinajeros,7,2,1
2-May-20,19,Tinajeros,7,2,1
3-May-20,19,Tinajeros,7,2,1
4-May-20,19,Tinajeros,7,2,1
5-May-20,19,Tinajeros,7,2,1
6-May-20,19,Tinajeros,7,2,1
7-May-20,19,Tinajeros,7,2,1
8-May-20,19,Tinajeros,8,2,2
9-May-20,19,Tinajeros,8,2,2
10-May-20,19,Tinajeros,8,2,2
11-May-20,19,Tinajeros,8,2,2
12-May-20,19,Tinajeros,8,2,2
13-May-20,19,Tinajeros,8,2,2
14-May-20,19,Tinajeros,8,2,3
15-May-20,19,Tinajeros,8,2,3
16-May-20,19,Tinajeros,8,2,3
17-May-20,19,Tinajeros,9,2,5
18-May-20,19,Tinajeros,9,2,5
19-May-20,19,Tinajeros,9,2,5
20-May-20,19,Tinajeros,9,2,5
21-May-20,19,Tinajeros,9,2,5
22-May-20,19,Tinajeros,10,3,5
23-May-20,19,Tinajeros,10,3,5
24-May-20,19,Tinajeros,11,3,5
25-May-20,19,Tinajeros,11,3,5
26-May-20,19,Tinajeros,11,3,5
27-May-20,19,Tinajeros,11,3,5
28-May-20,19,Tinajeros,12,3,5
29-May-20,19,Tinajeros,12,3,5
30-May-20,19,Tinajeros,12,3,5
31-May-20,19,Tinajeros,12,3,5
1-Jun-20,19,Tinajeros,12,3,5
2-Jun-20,19,Tinajeros,12,3,5
3-Jun-20,19,Tinajeros,13,3,5
4-Jun-20,19,Tinajeros,14,3,5
5-Jun-20,19,Tinajeros,17,4,5
6-Jun-20,19,Tinajeros,17,4,5
7-Jun-20,19,Tinajeros,17,4,6
8-Jun-20,19,Tinajeros,18,5,6
9-Jun-20,19,Tinajeros,19,5,6
10-Jun-20,19,Tinajeros,19,5,6
11-Jun-20,19,Tinajeros,19,5,7
12-Jun-20,19,Tinajeros,19,5,7
13-Jun-20,19,Tinajeros,19,5,7
14-Jun-20,19,Tinajeros,20,5,7
15-Jun-20,19,Tinajeros,20,5,7
16-Jun-20,19,Tinajeros,22,6,7
17-Jun-20,19,Tinajeros,22,6,8
18-Jun-20,19,Tinajeros,24,6,8
19-Jun-20,19,Tinajeros,26,6,11
20-Jun-20,19,Tinajeros,26,6,11
21-Jun-20,19,Tinajeros,27,7,12
22-Jun-20,19,Tinajeros,27,7,12
23-Jun-20,19,Tinajeros,28,7,12
24-Jun-20,19,Tinajeros,28,7,13
25-Jun-20,19,Tinajeros,28,7,13
26-Jun-20,19,Tinajeros,28,7,13
27-Jun-20,19,Tinajeros,29,7,13
28-Jun-20,19,Tinajeros,30,7,15
29-Jun-20,19,Tinajeros,30,7,16
26-Mar-20,20,Tonsuya,0,0,0
27-Mar-20,20,Tonsuya,0,0,0
28-Mar-20,20,Tonsuya,0,0,0
29-Mar-20,20,Tonsuya,0,0,0
30-Mar-20,20,Tonsuya,0,0,0
31-Mar-20,20,Tonsuya,0,0,0
1-Apr-20,20,Tonsuya,0,0,0
2-Apr-20,20,Tonsuya,0,0,0
3-Apr-20,20,Tonsuya,0,0,0
4-Apr-20,20,Tonsuya,0,0,0
5-Apr-20,20,Tonsuya,0,0,0
6-Apr-20,20,Tonsuya,0,0,0
7-Apr-20,20,Tonsuya,0,0,0
8-Apr-20,20,Tonsuya,0,0,0
9-Apr-20,20,Tonsuya,0,0,0
10-Apr-20,20,Tonsuya,0,0,0
11-Apr-20,20,Tonsuya,0,0,0
12-Apr-20,20,Tonsuya,0,0,0
13-Apr-20,20,Tonsuya,0,0,0
14-Apr-20,20,Tonsuya,0,0,0
15-Apr-20,20,Tonsuya,0,0,0
16-Apr-20,20,Tonsuya,0,0,0
17-Apr-20,20,Tonsuya,0,0,0
18-Apr-20,20,Tonsuya,0,0,0
19-Apr-20,20,Tonsuya,0,0,0
20-Apr-20,20,Tonsuya,0,0,0
21-Apr-20,20,Tonsuya,0,0,0
22-Apr-20,20,Tonsuya,0,0,0
23-Apr-20,20,Tonsuya,0,0,0
24-Apr-20,20,Tonsuya,0,0,0
25-Apr-20,20,Tonsuya,0,0,0
26-Apr-20,20,Tonsuya,0,0,0
27-Apr-20,20,Tonsuya,0,0,0
28-Apr-20,20,Tonsuya,0,0,0
29-Apr-20,20,Tonsuya,0,0,0
30-Apr-20,20,Tonsuya,0,0,0
1-May-20,20,Tonsuya,0,0,0
2-May-20,20,Tonsuya,0,0,0
3-May-20,20,Tonsuya,1,0,0
4-May-20,20,Tonsuya,1,0,0
5-May-20,20,Tonsuya,1,0,0
6-May-20,20,Tonsuya,2,1,0
7-May-20,20,Tonsuya,2,1,0
8-May-20,20,Tonsuya,2,1,0
9-May-20,20,Tonsuya,2,1,0
10-May-20,20,Tonsuya,2,1,0
11-May-20,20,Tonsuya,2,1,0
12-May-20,20,Tonsuya,4,1,0
13-May-20,20,Tonsuya,4,1,0
14-May-20,20,Tonsuya,4,1,0
15-May-20,20,Tonsuya,4,1,0
16-May-20,20,Tonsuya,4,1,0
17-May-20,20,Tonsuya,5,1,0
18-May-20,20,Tonsuya,5,1,0
19-May-20,20,Tonsuya,8,1,0
20-May-20,20,Tonsuya,8,1,0
21-May-20,20,Tonsuya,8,1,0
22-May-20,20,Tonsuya,8,1,0
23-May-20,20,Tonsuya,8,1,0
24-May-20,20,Tonsuya,9,1,0
25-May-20,20,Tonsuya,9,2,0
26-May-20,20,Tonsuya,9,2,2
27-May-20,20,Tonsuya,9,2,3
28-May-20,20,Tonsuya,9,2,3
29-May-20,20,Tonsuya,14,2,3
30-May-20,20,Tonsuya,14,2,3
31-May-20,20,Tonsuya,15,2,3
1-Jun-20,20,Tonsuya,15,2,3
2-Jun-20,20,Tonsuya,17,3,3
3-Jun-20,20,Tonsuya,17,3,3
4-Jun-20,20,Tonsuya,20,3,3
5-Jun-20,20,Tonsuya,21,3,3
6-Jun-20,20,Tonsuya,24,3,3
7-Jun-20,20,Tonsuya,24,3,5
8-Jun-20,20,Tonsuya,24,3,5
9-Jun-20,20,Tonsuya,29,3,5
10-Jun-20,20,Tonsuya,29,3,5
11-Jun-20,20,Tonsuya,29,3,5
12-Jun-20,20,Tonsuya,30,3,5
13-Jun-20,20,Tonsuya,30,3,5
14-Jun-20,20,Tonsuya,32,3,5
15-Jun-20,20,Tonsuya,33,3,5
16-Jun-20,20,Tonsuya,36,3,6
17-Jun-20,20,Tonsuya,37,3,12
18-Jun-20,20,Tonsuya,37,3,12
19-Jun-20,20,Tonsuya,37,3,12
20-Jun-20,20,Tonsuya,38,3,12
21-Jun-20,20,Tonsuya,40,3,14
22-Jun-20,20,Tonsuya,40,3,14
23-Jun-20,20,Tonsuya,40,3,14
24-Jun-20,20,Tonsuya,44,3,15
25-Jun-20,20,Tonsuya,46,3,15
26-Jun-20,20,Tonsuya,46,3,20
27-Jun-20,20,Tonsuya,47,3,20
28-Jun-20,20,Tonsuya,47,3,24
29-Jun-20,20,Tonsuya,47,3,26
26-Mar-20,21,Tugatog,0,0,0
27-Mar-20,21,Tugatog,0,0,0
28-Mar-20,21,Tugatog,0,0,0
29-Mar-20,21,Tugatog,0,0,0
30-Mar-20,21,Tugatog,0,0,0
31-Mar-20,21,Tugatog,0,0,0
1-Apr-20,21,Tugatog,0,0,0
2-Apr-20,21,Tugatog,0,0,0
3-Apr-20,21,Tugatog,0,0,0
4-Apr-20,21,Tugatog,0,0,0
5-Apr-20,21,Tugatog,0,0,0
6-Apr-20,21,Tugatog,0,0,0
7-Apr-20,21,Tugatog,0,0,0
8-Apr-20,21,Tugatog,0,0,0
9-Apr-20,21,Tugatog,0,0,0
10-Apr-20,21,Tugatog,0,0,0
11-Apr-20,21,Tugatog,0,0,0
12-Apr-20,21,Tugatog,0,0,0
13-Apr-20,21,Tugatog,0,0,0
14-Apr-20,21,Tugatog,1,0,0
15-Apr-20,21,Tugatog,1,0,0
16-Apr-20,21,Tugatog,1,0,0
17-Apr-20,21,Tugatog,1,0,0
18-Apr-20,21,Tugatog,1,0,0
19-Apr-20,21,Tugatog,1,0,0
20-Apr-20,21,Tugatog,1,0,0
21-Apr-20,21,Tugatog,2,0,0
22-Apr-20,21,Tugatog,2,0,0
23-Apr-20,21,Tugatog,2,0,0
24-Apr-20,21,Tugatog,2,0,0
25-Apr-20,21,Tugatog,2,0,0
26-Apr-20,21,Tugatog,5,0,0
27-Apr-20,21,Tugatog,5,0,0
28-Apr-20,21,Tugatog,5,0,0
29-Apr-20,21,Tugatog,5,0,0
30-Apr-20,21,Tugatog,6,0,0
1-May-20,21,Tugatog,6,0,0
2-May-20,21,Tugatog,6,0,0
3-May-20,21,Tugatog,6,0,0
4-May-20,21,Tugatog,6,0,0
5-May-20,21,Tugatog,7,0,0
6-May-20,21,Tugatog,7,0,1
7-May-20,21,Tugatog,8,0,1
8-May-20,21,Tugatog,8,0,1
9-May-20,21,Tugatog,8,0,1
10-May-20,21,Tugatog,8,0,1
11-May-20,21,Tugatog,8,0,1
12-May-20,21,Tugatog,9,1,1
13-May-20,21,Tugatog,9,1,1
14-May-20,21,Tugatog,10,1,1
15-May-20,21,Tugatog,10,1,1
16-May-20,21,Tugatog,12,1,1
17-May-20,21,Tugatog,12,1,2
18-May-20,21,Tugatog,13,1,2
19-May-20,21,Tugatog,14,1,2
20-May-20,21,Tugatog,14,1,3
21-May-20,21,Tugatog,14,1,3
22-May-20,21,Tugatog,14,1,3
23-May-20,21,Tugatog,14,1,3
24-May-20,21,Tugatog,14,1,3
25-May-20,21,Tugatog,14,1,3
26-May-20,21,Tugatog,14,1,3
27-May-20,21,Tugatog,14,1,3
28-May-20,21,Tugatog,14,1,3
29-May-20,21,Tugatog,14,1,3
30-May-20,21,Tugatog,14,1,3
31-May-20,21,Tugatog,14,1,3
1-Jun-20,21,Tugatog,14,1,3
2-Jun-20,21,Tugatog,14,1,3
3-Jun-20,21,Tugatog,14,1,3
4-Jun-20,21,Tugatog,15,1,7
5-Jun-20,21,Tugatog,16,1,9
6-Jun-20,21,Tugatog,16,1,9
7-Jun-20,21,Tugatog,16,1,10
8-Jun-20,21,Tugatog,16,1,10
9-Jun-20,21,Tugatog,16,1,10
10-Jun-20,21,Tugatog,18,1,10
11-Jun-20,21,Tugatog,18,2,10
12-Jun-20,21,Tugatog,20,2,10
13-Jun-20,21,Tugatog,22,2,10
14-Jun-20,21,Tugatog,22,2,10
15-Jun-20,21,Tugatog,22,2,10
16-Jun-20,21,Tugatog,23,2,12
17-Jun-20,21,Tugatog,23,2,12
18-Jun-20,21,Tugatog,23,2,12
19-Jun-20,21,Tugatog,23,2,12
20-Jun-20,21,Tugatog,24,2,12
21-Jun-20,21,Tugatog,25,2,13
22-Jun-20,21,Tugatog,25,2,13
23-Jun-20,21,Tugatog,31,2,14
24-Jun-20,21,Tugatog,32,2,14
25-Jun-20,21,Tugatog,34,3,14
26-Jun-20,21,Tugatog,35,3,16
27-Jun-20,21,Tugatog,38,3,17
28-Jun-20,21,Tugatog,45,3,17
29-Jun-20,21,Tugatog,45,3,18
26-Mar-20,22,Unconfirmed Address,0,0,0
27-Mar-20,22,Unconfirmed Address,0,0,0
28-Mar-20,22,Unconfirmed Address,0,0,0
29-Mar-20,22,Unconfirmed Address,0,0,0
30-Mar-20,22,Unconfirmed Address,0,0,0
31-Mar-20,22,Unconfirmed Address,0,0,0
1-Apr-20,22,Unconfirmed Address,0,0,0
2-Apr-20,22,Unconfirmed Address,0,0,0
3-Apr-20,22,Unconfirmed Address,0,0,0
4-Apr-20,22,Unconfirmed Address,0,0,0
5-Apr-20,22,Unconfirmed Address,0,0,0
6-Apr-20,22,Unconfirmed Address,0,0,0
7-Apr-20,22,Unconfirmed Address,0,0,0
8-Apr-20,22,Unconfirmed Address,0,0,0
9-Apr-20,22,Unconfirmed Address,0,0,0
10-Apr-20,22,Unconfirmed Address,0,0,0
11-Apr-20,22,Unconfirmed Address,0,0,0
12-Apr-20,22,Unconfirmed Address,0,0,0
13-Apr-20,22,Unconfirmed Address,0,0,0
14-Apr-20,22,Unconfirmed Address,0,0,0
15-Apr-20,22,Unconfirmed Address,0,0,0
16-Apr-20,22,Unconfirmed Address,0,0,0
17-Apr-20,22,Unconfirmed Address,0,0,0
18-Apr-20,22,Unconfirmed Address,0,0,0
19-Apr-20,22,Unconfirmed Address,0,0,0
20-Apr-20,22,Unconfirmed Address,0,0,0
21-Apr-20,22,Unconfirmed Address,0,0,0
22-Apr-20,22,Unconfirmed Address,0,0,0
23-Apr-20,22,Unconfirmed Address,0,0,0
24-Apr-20,22,Unconfirmed Address,0,0,0
25-Apr-20,22,Unconfirmed Address,0,0,0
26-Apr-20,22,Unconfirmed Address,0,0,0
27-Apr-20,22,Unconfirmed Address,0,0,0
28-Apr-20,22,Unconfirmed Address,0,0,0
29-Apr-20,22,Unconfirmed Address,0,0,0
30-Apr-20,22,Unconfirmed Address,0,0,0
1-May-20,22,Unconfirmed Address,0,0,0
2-May-20,22,Unconfirmed Address,0,0,0
3-May-20,22,Unconfirmed Address,0,0,0
4-May-20,22,Unconfirmed Address,0,0,0
5-May-20,22,Unconfirmed Address,0,0,0
6-May-20,22,Unconfirmed Address,0,0,0
7-May-20,22,Unconfirmed Address,0,0,0
8-May-20,22,Unconfirmed Address,0,0,0
9-May-20,22,Unconfirmed Address,0,0,0
10-May-20,22,Unconfirmed Address,0,0,0
11-May-20,22,Unconfirmed Address,0,0,0
12-May-20,22,Unconfirmed Address,0,0,0
13-May-20,22,Unconfirmed Address,0,0,0
14-May-20,22,Unconfirmed Address,0,0,0
15-May-20,22,Unconfirmed Address,0,0,0
16-May-20,22,Unconfirmed Address,0,0,0
17-May-20,22,Unconfirmed Address,0,0,0
18-May-20,22,Unconfirmed Address,0,0,0
19-May-20,22,Unconfirmed Address,0,0,0
20-May-20,22,Unconfirmed Address,0,0,0
21-May-20,22,Unconfirmed Address,0,0,0
22-May-20,22,Unconfirmed Address,0,0,0
23-May-20,22,Unconfirmed Address,0,0,0
24-May-20,22,Unconfirmed Address,0,0,0
25-May-20,22,Unconfirmed Address,0,0,0
26-May-20,22,Unconfirmed Address,0,0,0
27-May-20,22,Unconfirmed Address,0,0,0
28-May-20,22,Unconfirmed Address,0,0,0
29-May-20,22,Unconfirmed Address,0,0,0
30-May-20,22,Unconfirmed Address,0,0,0
31-May-20,22,Unconfirmed Address,0,0,0
1-Jun-20,22,Unconfirmed Address,0,0,0
2-Jun-20,22,Unconfirmed Address,0,0,0
3-Jun-20,22,Unconfirmed Address,0,0,0
4-Jun-20,22,Unconfirmed Address,0,0,0
5-Jun-20,22,Unconfirmed Address,0,0,0
6-Jun-20,22,Unconfirmed Address,0,0,0
7-Jun-20,22,Unconfirmed Address,0,0,0
8-Jun-20,22,Unconfirmed Address,0,0,0
9-Jun-20,22,Unconfirmed Address,0,0,0
10-Jun-20,22,Unconfirmed Address,0,0,0
11-Jun-20,22,Unconfirmed Address,0,0,0
12-Jun-20,22,Unconfirmed Address,0,0,0
13-Jun-20,22,Unconfirmed Address,0,0,0
14-Jun-20,22,Unconfirmed Address,0,0,0
15-Jun-20,22,Unconfirmed Address,0,0,0
16-Jun-20,22,Unconfirmed Address,1,0,0
17-Jun-20,22,Unconfirmed Address,1,0,0
18-Jun-20,22,Unconfirmed Address,1,0,0
19-Jun-20,22,Unconfirmed Address,1,0,0
20-Jun-20,22,Unconfirmed Address,1,0,0
21-Jun-20,22,Unconfirmed Address,1,0,0
22-Jun-20,22,Unconfirmed Address,1,0,0
23-Jun-20,22,Unconfirmed Address,1,0,0
24-Jun-20,22,Unconfirmed Address,1,0,0
25-Jun-20,22,Unconfirmed Address,1,0,0
26-Jun-20,22,Unconfirmed Address,1,0,0
27-Jun-20,22,Unconfirmed Address,1,0,0
28-Jun-20,22,Unconfirmed Address,1,0,0
29-Jun-20,22,Unconfirmed Address,1,0,0
26-Mar-20,23,Outside Malabon,0,0,0
27-Mar-20,23,Outside Malabon,0,0,0
28-Mar-20,23,Outside Malabon,0,0,0
29-Mar-20,23,Outside Malabon,0,0,0
30-Mar-20,23,Outside Malabon,0,0,0
31-Mar-20,23,Outside Malabon,0,0,0
1-Apr-20,23,Outside Malabon,0,0,0
2-Apr-20,23,Outside Malabon,0,0,0
3-Apr-20,23,Outside Malabon,0,0,0
4-Apr-20,23,Outside Malabon,0,0,0
5-Apr-20,23,Outside Malabon,0,0,0
6-Apr-20,23,Outside Malabon,0,0,0
7-Apr-20,23,Outside Malabon,0,0,0
8-Apr-20,23,Outside Malabon,0,0,0
9-Apr-20,23,Outside Malabon,0,0,0
10-Apr-20,23,Outside Malabon,0,0,0
11-Apr-20,23,Outside Malabon,0,0,0
12-Apr-20,23,Outside Malabon,0,0,0
13-Apr-20,23,Outside Malabon,0,0,0
14-Apr-20,23,Outside Malabon,0,0,0
15-Apr-20,23,Outside Malabon,0,0,0
16-Apr-20,23,Outside Malabon,0,0,0
17-Apr-20,23,Outside Malabon,0,0,0
18-Apr-20,23,Outside Malabon,0,0,0
19-Apr-20,23,Outside Malabon,0,0,0
20-Apr-20,23,Outside Malabon,0,0,0
21-Apr-20,23,Outside Malabon,0,0,0
22-Apr-20,23,Outside Malabon,0,0,0
23-Apr-20,23,Outside Malabon,0,0,0
24-Apr-20,23,Outside Malabon,0,0,0
25-Apr-20,23,Outside Malabon,0,0,0
26-Apr-20,23,Outside Malabon,0,0,0
27-Apr-20,23,Outside Malabon,0,0,0
28-Apr-20,23,Outside Malabon,0,0,0
29-Apr-20,23,Outside Malabon,0,0,0
30-Apr-20,23,Outside Malabon,0,0,0
1-May-20,23,Outside Malabon,0,0,0
2-May-20,23,Outside Malabon,0,0,0
3-May-20,23,Outside Malabon,0,0,0
4-May-20,23,Outside Malabon,0,0,0
5-May-20,23,Outside Malabon,0,0,0
6-May-20,23,Outside Malabon,0,0,0
7-May-20,23,Outside Malabon,0,0,0
8-May-20,23,Outside Malabon,0,0,0
9-May-20,23,Outside Malabon,0,0,0
10-May-20,23,Outside Malabon,0,0,0
11-May-20,23,Outside Malabon,0,0,0
12-May-20,23,Outside Malabon,0,0,0
13-May-20,23,Outside Malabon,0,0,0
14-May-20,23,Outside Malabon,0,0,0
15-May-20,23,Outside Malabon,0,0,0
16-May-20,23,Outside Malabon,0,0,0
17-May-20,23,Outside Malabon,0,0,0
18-May-20,23,Outside Malabon,0,0,0
19-May-20,23,Outside Malabon,0,0,0
20-May-20,23,Outside Malabon,0,0,0
21-May-20,23,Outside Malabon,0,0,0
22-May-20,23,Outside Malabon,0,0,0
23-May-20,23,Outside Malabon,0,0,0
24-May-20,23,Outside Malabon,0,0,0
25-May-20,23,Outside Malabon,0,0,0
26-May-20,23,Outside Malabon,0,0,0
27-May-20,23,Outside Malabon,0,0,0
28-May-20,23,Outside Malabon,0,0,0
29-May-20,23,Outside Malabon,0,0,0
30-May-20,23,Outside Malabon,0,0,0
31-May-20,23,Outside Malabon,0,0,0
1-Jun-20,23,Outside Malabon,0,0,0
2-Jun-20,23,Outside Malabon,0,0,0
3-Jun-20,23,Outside Malabon,0,0,0
4-Jun-20,23,Outside Malabon,4,0,0
5-Jun-20,23,Outside Malabon,4,0,0
6-Jun-20,23,Outside Malabon,4,0,0
7-Jun-20,23,Outside Malabon,4,0,0
8-Jun-20,23,Outside Malabon,4,0,0
9-Jun-20,23,Outside Malabon,4,0,0
10-Jun-20,23,Outside Malabon,4,0,0
11-Jun-20,23,Outside Malabon,4,0,0
12-Jun-20,23,Outside Malabon,4,0,0
13-Jun-20,23,Outside Malabon,4,0,0
14-Jun-20,23,Outside Malabon,4,0,0
15-Jun-20,23,Outside Malabon,4,0,0
16-Jun-20,23,Outside Malabon,4,0,3
17-Jun-20,23,Outside Malabon,4,0,3
18-Jun-20,23,Outside Malabon,4,0,3
19-Jun-20,23,Outside Malabon,4,0,3
20-Jun-20,23,Outside Malabon,4,0,3
21-Jun-20,23,Outside Malabon,4,0,3
22-Jun-20,23,Outside Malabon,4,0,3
23-Jun-20,23,Outside Malabon,4,0,3
24-Jun-20,23,Outside Malabon,4,0,3
25-Jun-20,23,Outside Malabon,4,0,3
26-Jun-20,23,Outside Malabon,4,0,3
27-Jun-20,23,Outside Malabon,4,0,3
28-Jun-20,23,Outside Malabon,4,0,3
29-Jun-20,23,Outside Malabon,4,0,3
